s1_id,s1_filename,label_filename,s1_path,label_path,split,flood_event,width,height,valid_pixels,flood_pixels,flood_extent_percent
Ghana_103272,Ghana_103272_S1Hand.tif,Ghana_103272_LabelHand.tif,/Users/archiewilliamhulse/Desktop/Msc Data Science/Final Project/DSM500 Final Project/Data/Sen1Floods11_raw/v1.1/data/flood_events/HandLabeled/S1Hand/Ghana_103272_S1Hand.tif,/Users/archiewilliamhulse/Desktop/Msc Data Science/Final Project/DSM500 Final Project/Data/Sen1Floods11_raw/v1.1/data/flood_events/HandLabeled/LabelHand/Ghana_103272_LabelHand.tif,train,Ghana,512,512,259269,1558,0.6009202797094909
Ghana_24858,Ghana_24858_S1Hand.tif,Ghana_24858_LabelHand.tif,/Users/archiewilliamhulse/Desktop/Msc Data Science/Final Project/DSM500 Final Project/Data/Sen1Floods11_raw/v1.1/data/flood_events/HandLabeled/S1Hand/Ghana_24858_S1Hand.tif,/Users/archiewilliamhulse/Desktop/Msc Data Science/Final Project/DSM500 Final Project/Data/Sen1Floods11_raw/v1.1/data/flood_events/HandLabeled/LabelHand/Ghana_24858_LabelHand.tif,train,Ghana,512,512,262144,484,0.18463134765625
Ghana_147015,Ghana_147015_S1Hand.tif,Ghana_147015_LabelHand.tif,/Users/archiewilliamhulse/Desktop/Msc Data Science/Final Project/DSM500 Final Project/Data/Sen1Floods11_raw/v1.1/data/flood_events/HandLabeled/S1Hand/Ghana_147015_S1Hand.tif,/Users/archiewilliamhulse/Desktop/Msc Data Science/Final Project/DSM500 Final Project/Data/Sen1Floods11_raw/v1.1/data/flood_events/HandLabeled/LabelHand/Ghana_147015_LabelHand.tif,train,Ghana,512,512,262144,3530,1.346588134765625
Ghana_953791,Ghana_953791_S1Hand.tif,Ghana_953791_LabelHand.tif,/Users/archiewilliamhulse/Desktop/Msc Data Science/Final Project/DSM500 Final Project/Data/Sen1Floods11_raw/v1.1/data/flood_events/HandLabeled/S1Hand/Ghana_953791_S1Hand.tif,/Users/archiewilliamhulse/Desktop/Msc Data Science/Final Project/DSM500 Final Project/Data/Sen1Floods11_raw/v1.1/data/flood_events/HandLabeled/LabelHand/Ghana_953791_LabelHand.tif,train,Ghana,512,512,262144,2772,1.05743408203125
Ghana_154838,Ghana_154838_S1Hand.tif,Ghana_154838_LabelHand.tif,/Users/archiewilliamhulse/Desktop/Msc Data Science/Final Project/DSM500 Final Project/Data/Sen1Floods11_raw/v1.1/data/flood_events/HandLabeled/S1Hand/Ghana_154838_S1Hand.tif,/Users/archiewilliamhulse/Desktop/Msc Data Science/Final Project/DSM500 Final Project/Data/Sen1Floods11_raw/v1.1/data/flood_events/HandLabeled/LabelHand/Ghana_154838_LabelHand.tif,train,Ghana,512,512,42107,0,0.0
Ghana_134751,Ghana_134751_S1Hand.tif,Ghana_134751_LabelHand.tif,/Users/archiewilliamhulse/Desktop/Msc Data Science/Final Project/DSM500 Final Project/Data/Sen1Floods11_raw/v1.1/data/flood_events/HandLabeled/S1Hand/Ghana_134751_S1Hand.tif,/Users/archiewilliamhulse/Desktop/Msc Data Science/Final Project/DSM500 Final Project/Data/Sen1Floods11_raw/v1.1/data/flood_events/HandLabeled/LabelHand/Ghana_134751_LabelHand.tif,train,Ghana,512,512,43016,0,0.0
Ghana_61925,Ghana_61925_S1Hand.tif,Ghana_61925_LabelHand.tif,/Users/archiewilliamhulse/Desktop/Msc Data Science/Final Project/DSM500 Final Project/Data/Sen1Floods11_raw/v1.1/data/flood_events/HandLabeled/S1Hand/Ghana_61925_S1Hand.tif,/Users/archiewilliamhulse/Desktop/Msc Data Science/Final Project/DSM500 Final Project/Data/Sen1Floods11_raw/v1.1/data/flood_events/HandLabeled/LabelHand/Ghana_61925_LabelHand.tif,train,Ghana,512,512,262144,651,0.2483367919921875
Ghana_156478,Ghana_156478_S1Hand.tif,Ghana_156478_LabelHand.tif,/Users/archiewilliamhulse/Desktop/Msc Data Science/Final Project/DSM500 Final Project/Data/Sen1Floods11_raw/v1.1/data/flood_events/HandLabeled/S1Hand/Ghana_156478_S1Hand.tif,/Users/archiewilliamhulse/Desktop/Msc Data Science/Final Project/DSM500 Final Project/Data/Sen1Floods11_raw/v1.1/data/flood_events/HandLabeled/LabelHand/Ghana_156478_LabelHand.tif,train,Ghana,512,512,262144,0,0.0
Ghana_144050,Ghana_144050_S1Hand.tif,Ghana_144050_LabelHand.tif,/Users/archiewilliamhulse/Desktop/Msc Data Science/Final Project/DSM500 Final Project/Data/Sen1Floods11_raw/v1.1/data/flood_events/HandLabeled/S1Hand/Ghana_144050_S1Hand.tif,/Users/archiewilliamhulse/Desktop/Msc Data Science/Final Project/DSM500 Final Project/Data/Sen1Floods11_raw/v1.1/data/flood_events/HandLabeled/LabelHand/Ghana_144050_LabelHand.tif,train,Ghana,512,512,23551,0,0.0
Ghana_49890,Ghana_49890_S1Hand.tif,Ghana_49890_LabelHand.tif,/Users/archiewilliamhulse/Desktop/Msc Data Science/Final Project/DSM500 Final Project/Data/Sen1Floods11_raw/v1.1/data/flood_events/HandLabeled/S1Hand/Ghana_49890_S1Hand.tif,/Users/archiewilliamhulse/Desktop/Msc Data Science/Final Project/DSM500 Final Project/Data/Sen1Floods11_raw/v1.1/data/flood_events/HandLabeled/LabelHand/Ghana_49890_LabelHand.tif,train,Ghana,512,512,262144,0,0.0
Ghana_97516,Ghana_97516_S1Hand.tif,Ghana_97516_LabelHand.tif,/Users/archiewilliamhulse/Desktop/Msc Data Science/Final Project/DSM500 Final Project/Data/Sen1Floods11_raw/v1.1/data/flood_events/HandLabeled/S1Hand/Ghana_97516_S1Hand.tif,/Users/archiewilliamhulse/Desktop/Msc Data Science/Final Project/DSM500 Final Project/Data/Sen1Floods11_raw/v1.1/data/flood_events/HandLabeled/LabelHand/Ghana_97516_LabelHand.tif,train,Ghana,512,512,187555,771,0.4110794167044333
Ghana_168875,Ghana_168875_S1Hand.tif,Ghana_168875_LabelHand.tif,/Users/archiewilliamhulse/Desktop/Msc Data Science/Final Project/DSM500 Final Project/Data/Sen1Floods11_raw/v1.1/data/flood_events/HandLabeled/S1Hand/Ghana_168875_S1Hand.tif,/Users/archiewilliamhulse/Desktop/Msc Data Science/Final Project/DSM500 Final Project/Data/Sen1Floods11_raw/v1.1/data/flood_events/HandLabeled/LabelHand/Ghana_168875_LabelHand.tif,train,Ghana,512,512,41796,0,0.0
Ghana_141910,Ghana_141910_S1Hand.tif,Ghana_141910_LabelHand.tif,/Users/archiewilliamhulse/Desktop/Msc Data Science/Final Project/DSM500 Final Project/Data/Sen1Floods11_raw/v1.1/data/flood_events/HandLabeled/S1Hand/Ghana_141910_S1Hand.tif,/Users/archiewilliamhulse/Desktop/Msc Data Science/Final Project/DSM500 Final Project/Data/Sen1Floods11_raw/v1.1/data/flood_events/HandLabeled/LabelHand/Ghana_141910_LabelHand.tif,train,Ghana,512,512,262144,70650,26.950836181640625
Ghana_146222,Ghana_146222_S1Hand.tif,Ghana_146222_LabelHand.tif,/Users/archiewilliamhulse/Desktop/Msc Data Science/Final Project/DSM500 Final Project/Data/Sen1Floods11_raw/v1.1/data/flood_events/HandLabeled/S1Hand/Ghana_146222_S1Hand.tif,/Users/archiewilliamhulse/Desktop/Msc Data Science/Final Project/DSM500 Final Project/Data/Sen1Floods11_raw/v1.1/data/flood_events/HandLabeled/LabelHand/Ghana_146222_LabelHand.tif,train,Ghana,512,512,181656,0,0.0
Ghana_11745,Ghana_11745_S1Hand.tif,Ghana_11745_LabelHand.tif,/Users/archiewilliamhulse/Desktop/Msc Data Science/Final Project/DSM500 Final Project/Data/Sen1Floods11_raw/v1.1/data/flood_events/HandLabeled/S1Hand/Ghana_11745_S1Hand.tif,/Users/archiewilliamhulse/Desktop/Msc Data Science/Final Project/DSM500 Final Project/Data/Sen1Floods11_raw/v1.1/data/flood_events/HandLabeled/LabelHand/Ghana_11745_LabelHand.tif,train,Ghana,512,512,262144,0,0.0
Ghana_161233,Ghana_161233_S1Hand.tif,Ghana_161233_LabelHand.tif,/Users/archiewilliamhulse/Desktop/Msc Data Science/Final Project/DSM500 Final Project/Data/Sen1Floods11_raw/v1.1/data/flood_events/HandLabeled/S1Hand/Ghana_161233_S1Hand.tif,/Users/archiewilliamhulse/Desktop/Msc Data Science/Final Project/DSM500 Final Project/Data/Sen1Floods11_raw/v1.1/data/flood_events/HandLabeled/LabelHand/Ghana_161233_LabelHand.tif,train,Ghana,512,512,1892,0,0.0
Ghana_7496,Ghana_7496_S1Hand.tif,Ghana_7496_LabelHand.tif,/Users/archiewilliamhulse/Desktop/Msc Data Science/Final Project/DSM500 Final Project/Data/Sen1Floods11_raw/v1.1/data/flood_events/HandLabeled/S1Hand/Ghana_7496_S1Hand.tif,/Users/archiewilliamhulse/Desktop/Msc Data Science/Final Project/DSM500 Final Project/Data/Sen1Floods11_raw/v1.1/data/flood_events/HandLabeled/LabelHand/Ghana_7496_LabelHand.tif,train,Ghana,512,512,262144,0,0.0
Ghana_128663,Ghana_128663_S1Hand.tif,Ghana_128663_LabelHand.tif,/Users/archiewilliamhulse/Desktop/Msc Data Science/Final Project/DSM500 Final Project/Data/Sen1Floods11_raw/v1.1/data/flood_events/HandLabeled/S1Hand/Ghana_128663_S1Hand.tif,/Users/archiewilliamhulse/Desktop/Msc Data Science/Final Project/DSM500 Final Project/Data/Sen1Floods11_raw/v1.1/data/flood_events/HandLabeled/LabelHand/Ghana_128663_LabelHand.tif,train,Ghana,512,512,169329,0,0.0
Ghana_264787,Ghana_264787_S1Hand.tif,Ghana_264787_LabelHand.tif,/Users/archiewilliamhulse/Desktop/Msc Data Science/Final Project/DSM500 Final Project/Data/Sen1Floods11_raw/v1.1/data/flood_events/HandLabeled/S1Hand/Ghana_264787_S1Hand.tif,/Users/archiewilliamhulse/Desktop/Msc Data Science/Final Project/DSM500 Final Project/Data/Sen1Floods11_raw/v1.1/data/flood_events/HandLabeled/LabelHand/Ghana_264787_LabelHand.tif,train,Ghana,512,512,181975,0,0.0
Ghana_597288,Ghana_597288_S1Hand.tif,Ghana_597288_LabelHand.tif,/Users/archiewilliamhulse/Desktop/Msc Data Science/Final Project/DSM500 Final Project/Data/Sen1Floods11_raw/v1.1/data/flood_events/HandLabeled/S1Hand/Ghana_597288_S1Hand.tif,/Users/archiewilliamhulse/Desktop/Msc Data Science/Final Project/DSM500 Final Project/Data/Sen1Floods11_raw/v1.1/data/flood_events/HandLabeled/LabelHand/Ghana_597288_LabelHand.tif,train,Ghana,512,512,262144,5690,2.170562744140625
Ghana_8090,Ghana_8090_S1Hand.tif,Ghana_8090_LabelHand.tif,/Users/archiewilliamhulse/Desktop/Msc Data Science/Final Project/DSM500 Final Project/Data/Sen1Floods11_raw/v1.1/data/flood_events/HandLabeled/S1Hand/Ghana_8090_S1Hand.tif,/Users/archiewilliamhulse/Desktop/Msc Data Science/Final Project/DSM500 Final Project/Data/Sen1Floods11_raw/v1.1/data/flood_events/HandLabeled/LabelHand/Ghana_8090_LabelHand.tif,train,Ghana,512,512,194666,4,0.0020548015575395807
Ghana_187318,Ghana_187318_S1Hand.tif,Ghana_187318_LabelHand.tif,/Users/archiewilliamhulse/Desktop/Msc Data Science/Final Project/DSM500 Final Project/Data/Sen1Floods11_raw/v1.1/data/flood_events/HandLabeled/S1Hand/Ghana_187318_S1Hand.tif,/Users/archiewilliamhulse/Desktop/Msc Data Science/Final Project/DSM500 Final Project/Data/Sen1Floods11_raw/v1.1/data/flood_events/HandLabeled/LabelHand/Ghana_187318_LabelHand.tif,train,Ghana,512,512,262144,0,0.0
Ghana_362274,Ghana_362274_S1Hand.tif,Ghana_362274_LabelHand.tif,/Users/archiewilliamhulse/Desktop/Msc Data Science/Final Project/DSM500 Final Project/Data/Sen1Floods11_raw/v1.1/data/flood_events/HandLabeled/S1Hand/Ghana_362274_S1Hand.tif,/Users/archiewilliamhulse/Desktop/Msc Data Science/Final Project/DSM500 Final Project/Data/Sen1Floods11_raw/v1.1/data/flood_events/HandLabeled/LabelHand/Ghana_362274_LabelHand.tif,train,Ghana,512,512,259407,18364,7.0792229970663865
Ghana_1089161,Ghana_1089161_S1Hand.tif,Ghana_1089161_LabelHand.tif,/Users/archiewilliamhulse/Desktop/Msc Data Science/Final Project/DSM500 Final Project/Data/Sen1Floods11_raw/v1.1/data/flood_events/HandLabeled/S1Hand/Ghana_1089161_S1Hand.tif,/Users/archiewilliamhulse/Desktop/Msc Data Science/Final Project/DSM500 Final Project/Data/Sen1Floods11_raw/v1.1/data/flood_events/HandLabeled/LabelHand/Ghana_1089161_LabelHand.tif,train,Ghana,512,512,236164,2907,1.2309242729628564
Ghana_887131,Ghana_887131_S1Hand.tif,Ghana_887131_LabelHand.tif,/Users/archiewilliamhulse/Desktop/Msc Data Science/Final Project/DSM500 Final Project/Data/Sen1Floods11_raw/v1.1/data/flood_events/HandLabeled/S1Hand/Ghana_887131_S1Hand.tif,/Users/archiewilliamhulse/Desktop/Msc Data Science/Final Project/DSM500 Final Project/Data/Sen1Floods11_raw/v1.1/data/flood_events/HandLabeled/LabelHand/Ghana_887131_LabelHand.tif,train,Ghana,512,512,262144,10075,3.8433074951171875
Ghana_247288,Ghana_247288_S1Hand.tif,Ghana_247288_LabelHand.tif,/Users/archiewilliamhulse/Desktop/Msc Data Science/Final Project/DSM500 Final Project/Data/Sen1Floods11_raw/v1.1/data/flood_events/HandLabeled/S1Hand/Ghana_247288_S1Hand.tif,/Users/archiewilliamhulse/Desktop/Msc Data Science/Final Project/DSM500 Final Project/Data/Sen1Floods11_raw/v1.1/data/flood_events/HandLabeled/LabelHand/Ghana_247288_LabelHand.tif,train,Ghana,512,512,40174,26650,66.3364365012197
Ghana_194723,Ghana_194723_S1Hand.tif,Ghana_194723_LabelHand.tif,/Users/archiewilliamhulse/Desktop/Msc Data Science/Final Project/DSM500 Final Project/Data/Sen1Floods11_raw/v1.1/data/flood_events/HandLabeled/S1Hand/Ghana_194723_S1Hand.tif,/Users/archiewilliamhulse/Desktop/Msc Data Science/Final Project/DSM500 Final Project/Data/Sen1Floods11_raw/v1.1/data/flood_events/HandLabeled/LabelHand/Ghana_194723_LabelHand.tif,train,Ghana,512,512,47408,0,0.0
Ghana_45911,Ghana_45911_S1Hand.tif,Ghana_45911_LabelHand.tif,/Users/archiewilliamhulse/Desktop/Msc Data Science/Final Project/DSM500 Final Project/Data/Sen1Floods11_raw/v1.1/data/flood_events/HandLabeled/S1Hand/Ghana_45911_S1Hand.tif,/Users/archiewilliamhulse/Desktop/Msc Data Science/Final Project/DSM500 Final Project/Data/Sen1Floods11_raw/v1.1/data/flood_events/HandLabeled/LabelHand/Ghana_45911_LabelHand.tif,train,Ghana,512,512,29269,0,0.0
Ghana_83200,Ghana_83200_S1Hand.tif,Ghana_83200_LabelHand.tif,/Users/archiewilliamhulse/Desktop/Msc Data Science/Final Project/DSM500 Final Project/Data/Sen1Floods11_raw/v1.1/data/flood_events/HandLabeled/S1Hand/Ghana_83200_S1Hand.tif,/Users/archiewilliamhulse/Desktop/Msc Data Science/Final Project/DSM500 Final Project/Data/Sen1Floods11_raw/v1.1/data/flood_events/HandLabeled/LabelHand/Ghana_83200_LabelHand.tif,train,Ghana,512,512,98215,533,0.542686962276638
Ghana_135389,Ghana_135389_S1Hand.tif,Ghana_135389_LabelHand.tif,/Users/archiewilliamhulse/Desktop/Msc Data Science/Final Project/DSM500 Final Project/Data/Sen1Floods11_raw/v1.1/data/flood_events/HandLabeled/S1Hand/Ghana_135389_S1Hand.tif,/Users/archiewilliamhulse/Desktop/Msc Data Science/Final Project/DSM500 Final Project/Data/Sen1Floods11_raw/v1.1/data/flood_events/HandLabeled/LabelHand/Ghana_135389_LabelHand.tif,train,Ghana,512,512,24624,252,1.023391812865497
India_285297,India_285297_S1Hand.tif,India_285297_LabelHand.tif,/Users/archiewilliamhulse/Desktop/Msc Data Science/Final Project/DSM500 Final Project/Data/Sen1Floods11_raw/v1.1/data/flood_events/HandLabeled/S1Hand/India_285297_S1Hand.tif,/Users/archiewilliamhulse/Desktop/Msc Data Science/Final Project/DSM500 Final Project/Data/Sen1Floods11_raw/v1.1/data/flood_events/HandLabeled/LabelHand/India_285297_LabelHand.tif,train,India,512,512,245042,36006,14.693807592167873
India_1072277,India_1072277_S1Hand.tif,India_1072277_LabelHand.tif,/Users/archiewilliamhulse/Desktop/Msc Data Science/Final Project/DSM500 Final Project/Data/Sen1Floods11_raw/v1.1/data/flood_events/HandLabeled/S1Hand/India_1072277_S1Hand.tif,/Users/archiewilliamhulse/Desktop/Msc Data Science/Final Project/DSM500 Final Project/Data/Sen1Floods11_raw/v1.1/data/flood_events/HandLabeled/LabelHand/India_1072277_LabelHand.tif,train,India,512,512,262142,22546,8.600682073074898
India_324254,India_324254_S1Hand.tif,India_324254_LabelHand.tif,/Users/archiewilliamhulse/Desktop/Msc Data Science/Final Project/DSM500 Final Project/Data/Sen1Floods11_raw/v1.1/data/flood_events/HandLabeled/S1Hand/India_324254_S1Hand.tif,/Users/archiewilliamhulse/Desktop/Msc Data Science/Final Project/DSM500 Final Project/Data/Sen1Floods11_raw/v1.1/data/flood_events/HandLabeled/LabelHand/India_324254_LabelHand.tif,train,India,512,512,262144,3883,1.4812469482421875
India_177319,India_177319_S1Hand.tif,India_177319_LabelHand.tif,/Users/archiewilliamhulse/Desktop/Msc Data Science/Final Project/DSM500 Final Project/Data/Sen1Floods11_raw/v1.1/data/flood_events/HandLabeled/S1Hand/India_177319_S1Hand.tif,/Users/archiewilliamhulse/Desktop/Msc Data Science/Final Project/DSM500 Final Project/Data/Sen1Floods11_raw/v1.1/data/flood_events/HandLabeled/LabelHand/India_177319_LabelHand.tif,train,India,512,512,257225,1595,0.6200796967635339
India_391908,India_391908_S1Hand.tif,India_391908_LabelHand.tif,/Users/archiewilliamhulse/Desktop/Msc Data Science/Final Project/DSM500 Final Project/Data/Sen1Floods11_raw/v1.1/data/flood_events/HandLabeled/S1Hand/India_391908_S1Hand.tif,/Users/archiewilliamhulse/Desktop/Msc Data Science/Final Project/DSM500 Final Project/Data/Sen1Floods11_raw/v1.1/data/flood_events/HandLabeled/LabelHand/India_391908_LabelHand.tif,train,India,512,512,211832,25989,12.268684617999169
India_166709,India_166709_S1Hand.tif,India_166709_LabelHand.tif,/Users/archiewilliamhulse/Desktop/Msc Data Science/Final Project/DSM500 Final Project/Data/Sen1Floods11_raw/v1.1/data/flood_events/HandLabeled/S1Hand/India_166709_S1Hand.tif,/Users/archiewilliamhulse/Desktop/Msc Data Science/Final Project/DSM500 Final Project/Data/Sen1Floods11_raw/v1.1/data/flood_events/HandLabeled/LabelHand/India_166709_LabelHand.tif,train,India,512,512,256894,8839,3.4407187400250687
India_534470,India_534470_S1Hand.tif,India_534470_LabelHand.tif,/Users/archiewilliamhulse/Desktop/Msc Data Science/Final Project/DSM500 Final Project/Data/Sen1Floods11_raw/v1.1/data/flood_events/HandLabeled/S1Hand/India_534470_S1Hand.tif,/Users/archiewilliamhulse/Desktop/Msc Data Science/Final Project/DSM500 Final Project/Data/Sen1Floods11_raw/v1.1/data/flood_events/HandLabeled/LabelHand/India_534470_LabelHand.tif,train,India,512,512,250570,7434,2.96683561479826
India_773682,India_773682_S1Hand.tif,India_773682_LabelHand.tif,/Users/archiewilliamhulse/Desktop/Msc Data Science/Final Project/DSM500 Final Project/Data/Sen1Floods11_raw/v1.1/data/flood_events/HandLabeled/S1Hand/India_773682_S1Hand.tif,/Users/archiewilliamhulse/Desktop/Msc Data Science/Final Project/DSM500 Final Project/Data/Sen1Floods11_raw/v1.1/data/flood_events/HandLabeled/LabelHand/India_773682_LabelHand.tif,train,India,512,512,252793,30959,12.246778985177595
India_956930,India_956930_S1Hand.tif,India_956930_LabelHand.tif,/Users/archiewilliamhulse/Desktop/Msc Data Science/Final Project/DSM500 Final Project/Data/Sen1Floods11_raw/v1.1/data/flood_events/HandLabeled/S1Hand/India_956930_S1Hand.tif,/Users/archiewilliamhulse/Desktop/Msc Data Science/Final Project/DSM500 Final Project/Data/Sen1Floods11_raw/v1.1/data/flood_events/HandLabeled/LabelHand/India_956930_LabelHand.tif,train,India,512,512,237130,40096,16.908868553114324
India_979278,India_979278_S1Hand.tif,India_979278_LabelHand.tif,/Users/archiewilliamhulse/Desktop/Msc Data Science/Final Project/DSM500 Final Project/Data/Sen1Floods11_raw/v1.1/data/flood_events/HandLabeled/S1Hand/India_979278_S1Hand.tif,/Users/archiewilliamhulse/Desktop/Msc Data Science/Final Project/DSM500 Final Project/Data/Sen1Floods11_raw/v1.1/data/flood_events/HandLabeled/LabelHand/India_979278_LabelHand.tif,train,India,512,512,109069,5437,4.984917804325702
India_664410,India_664410_S1Hand.tif,India_664410_LabelHand.tif,/Users/archiewilliamhulse/Desktop/Msc Data Science/Final Project/DSM500 Final Project/Data/Sen1Floods11_raw/v1.1/data/flood_events/HandLabeled/S1Hand/India_664410_S1Hand.tif,/Users/archiewilliamhulse/Desktop/Msc Data Science/Final Project/DSM500 Final Project/Data/Sen1Floods11_raw/v1.1/data/flood_events/HandLabeled/LabelHand/India_664410_LabelHand.tif,train,India,512,512,262142,13526,5.15979888762579
India_747970,India_747970_S1Hand.tif,India_747970_LabelHand.tif,/Users/archiewilliamhulse/Desktop/Msc Data Science/Final Project/DSM500 Final Project/Data/Sen1Floods11_raw/v1.1/data/flood_events/HandLabeled/S1Hand/India_747970_S1Hand.tif,/Users/archiewilliamhulse/Desktop/Msc Data Science/Final Project/DSM500 Final Project/Data/Sen1Floods11_raw/v1.1/data/flood_events/HandLabeled/LabelHand/India_747970_LabelHand.tif,train,India,512,512,246517,5007,2.031097246843017
India_207862,India_207862_S1Hand.tif,India_207862_LabelHand.tif,/Users/archiewilliamhulse/Desktop/Msc Data Science/Final Project/DSM500 Final Project/Data/Sen1Floods11_raw/v1.1/data/flood_events/HandLabeled/S1Hand/India_207862_S1Hand.tif,/Users/archiewilliamhulse/Desktop/Msc Data Science/Final Project/DSM500 Final Project/Data/Sen1Floods11_raw/v1.1/data/flood_events/HandLabeled/LabelHand/India_207862_LabelHand.tif,train,India,512,512,200115,21028,10.507957924193589
India_500266,India_500266_S1Hand.tif,India_500266_LabelHand.tif,/Users/archiewilliamhulse/Desktop/Msc Data Science/Final Project/DSM500 Final Project/Data/Sen1Floods11_raw/v1.1/data/flood_events/HandLabeled/S1Hand/India_500266_S1Hand.tif,/Users/archiewilliamhulse/Desktop/Msc Data Science/Final Project/DSM500 Final Project/Data/Sen1Floods11_raw/v1.1/data/flood_events/HandLabeled/LabelHand/India_500266_LabelHand.tif,train,India,512,512,262141,38181,14.565062313792959
India_179238,India_179238_S1Hand.tif,India_179238_LabelHand.tif,/Users/archiewilliamhulse/Desktop/Msc Data Science/Final Project/DSM500 Final Project/Data/Sen1Floods11_raw/v1.1/data/flood_events/HandLabeled/S1Hand/India_179238_S1Hand.tif,/Users/archiewilliamhulse/Desktop/Msc Data Science/Final Project/DSM500 Final Project/Data/Sen1Floods11_raw/v1.1/data/flood_events/HandLabeled/LabelHand/India_179238_LabelHand.tif,train,India,512,512,192482,11592,6.022381313577373
India_287642,India_287642_S1Hand.tif,India_287642_LabelHand.tif,/Users/archiewilliamhulse/Desktop/Msc Data Science/Final Project/DSM500 Final Project/Data/Sen1Floods11_raw/v1.1/data/flood_events/HandLabeled/S1Hand/India_287642_S1Hand.tif,/Users/archiewilliamhulse/Desktop/Msc Data Science/Final Project/DSM500 Final Project/Data/Sen1Floods11_raw/v1.1/data/flood_events/HandLabeled/LabelHand/India_287642_LabelHand.tif,train,India,512,512,115377,17914,15.526491415100063
India_774689,India_774689_S1Hand.tif,India_774689_LabelHand.tif,/Users/archiewilliamhulse/Desktop/Msc Data Science/Final Project/DSM500 Final Project/Data/Sen1Floods11_raw/v1.1/data/flood_events/HandLabeled/S1Hand/India_774689_S1Hand.tif,/Users/archiewilliamhulse/Desktop/Msc Data Science/Final Project/DSM500 Final Project/Data/Sen1Floods11_raw/v1.1/data/flood_events/HandLabeled/LabelHand/India_774689_LabelHand.tif,train,India,512,512,237980,18855,7.9229347003949915
India_383430,India_383430_S1Hand.tif,India_383430_LabelHand.tif,/Users/archiewilliamhulse/Desktop/Msc Data Science/Final Project/DSM500 Final Project/Data/Sen1Floods11_raw/v1.1/data/flood_events/HandLabeled/S1Hand/India_383430_S1Hand.tif,/Users/archiewilliamhulse/Desktop/Msc Data Science/Final Project/DSM500 Final Project/Data/Sen1Floods11_raw/v1.1/data/flood_events/HandLabeled/LabelHand/India_383430_LabelHand.tif,train,India,512,512,251271,39228,15.611829459030291
India_373039,India_373039_S1Hand.tif,India_373039_LabelHand.tif,/Users/archiewilliamhulse/Desktop/Msc Data Science/Final Project/DSM500 Final Project/Data/Sen1Floods11_raw/v1.1/data/flood_events/HandLabeled/S1Hand/India_373039_S1Hand.tif,/Users/archiewilliamhulse/Desktop/Msc Data Science/Final Project/DSM500 Final Project/Data/Sen1Floods11_raw/v1.1/data/flood_events/HandLabeled/LabelHand/India_373039_LabelHand.tif,train,India,512,512,242783,1509,0.6215426945049695
India_698338,India_698338_S1Hand.tif,India_698338_LabelHand.tif,/Users/archiewilliamhulse/Desktop/Msc Data Science/Final Project/DSM500 Final Project/Data/Sen1Floods11_raw/v1.1/data/flood_events/HandLabeled/S1Hand/India_698338_S1Hand.tif,/Users/archiewilliamhulse/Desktop/Msc Data Science/Final Project/DSM500 Final Project/Data/Sen1Floods11_raw/v1.1/data/flood_events/HandLabeled/LabelHand/India_698338_LabelHand.tif,train,India,512,512,227984,9936,4.358200575478981
India_1017769,India_1017769_S1Hand.tif,India_1017769_LabelHand.tif,/Users/archiewilliamhulse/Desktop/Msc Data Science/Final Project/DSM500 Final Project/Data/Sen1Floods11_raw/v1.1/data/flood_events/HandLabeled/S1Hand/India_1017769_S1Hand.tif,/Users/archiewilliamhulse/Desktop/Msc Data Science/Final Project/DSM500 Final Project/Data/Sen1Floods11_raw/v1.1/data/flood_events/HandLabeled/LabelHand/India_1017769_LabelHand.tif,train,India,512,512,172971,98143,56.73956906070959
India_981708,India_981708_S1Hand.tif,India_981708_LabelHand.tif,/Users/archiewilliamhulse/Desktop/Msc Data Science/Final Project/DSM500 Final Project/Data/Sen1Floods11_raw/v1.1/data/flood_events/HandLabeled/S1Hand/India_981708_S1Hand.tif,/Users/archiewilliamhulse/Desktop/Msc Data Science/Final Project/DSM500 Final Project/Data/Sen1Floods11_raw/v1.1/data/flood_events/HandLabeled/LabelHand/India_981708_LabelHand.tif,train,India,512,512,224024,10388,4.637003178230904
India_91379,India_91379_S1Hand.tif,India_91379_LabelHand.tif,/Users/archiewilliamhulse/Desktop/Msc Data Science/Final Project/DSM500 Final Project/Data/Sen1Floods11_raw/v1.1/data/flood_events/HandLabeled/S1Hand/India_91379_S1Hand.tif,/Users/archiewilliamhulse/Desktop/Msc Data Science/Final Project/DSM500 Final Project/Data/Sen1Floods11_raw/v1.1/data/flood_events/HandLabeled/LabelHand/India_91379_LabelHand.tif,train,India,512,512,262133,29594,11.289688822086498
India_59460,India_59460_S1Hand.tif,India_59460_LabelHand.tif,/Users/archiewilliamhulse/Desktop/Msc Data Science/Final Project/DSM500 Final Project/Data/Sen1Floods11_raw/v1.1/data/flood_events/HandLabeled/S1Hand/India_59460_S1Hand.tif,/Users/archiewilliamhulse/Desktop/Msc Data Science/Final Project/DSM500 Final Project/Data/Sen1Floods11_raw/v1.1/data/flood_events/HandLabeled/LabelHand/India_59460_LabelHand.tif,train,India,512,512,209353,315,0.15046357109761982
India_624341,India_624341_S1Hand.tif,India_624341_LabelHand.tif,/Users/archiewilliamhulse/Desktop/Msc Data Science/Final Project/DSM500 Final Project/Data/Sen1Floods11_raw/v1.1/data/flood_events/HandLabeled/S1Hand/India_624341_S1Hand.tif,/Users/archiewilliamhulse/Desktop/Msc Data Science/Final Project/DSM500 Final Project/Data/Sen1Floods11_raw/v1.1/data/flood_events/HandLabeled/LabelHand/India_624341_LabelHand.tif,train,India,512,512,262142,3224,1.2298677815840269
India_566697,India_566697_S1Hand.tif,India_566697_LabelHand.tif,/Users/archiewilliamhulse/Desktop/Msc Data Science/Final Project/DSM500 Final Project/Data/Sen1Floods11_raw/v1.1/data/flood_events/HandLabeled/S1Hand/India_566697_S1Hand.tif,/Users/archiewilliamhulse/Desktop/Msc Data Science/Final Project/DSM500 Final Project/Data/Sen1Floods11_raw/v1.1/data/flood_events/HandLabeled/LabelHand/India_566697_LabelHand.tif,train,India,512,512,215703,14719,6.823734486771162
India_804466,India_804466_S1Hand.tif,India_804466_LabelHand.tif,/Users/archiewilliamhulse/Desktop/Msc Data Science/Final Project/DSM500 Final Project/Data/Sen1Floods11_raw/v1.1/data/flood_events/HandLabeled/S1Hand/India_804466_S1Hand.tif,/Users/archiewilliamhulse/Desktop/Msc Data Science/Final Project/DSM500 Final Project/Data/Sen1Floods11_raw/v1.1/data/flood_events/HandLabeled/LabelHand/India_804466_LabelHand.tif,train,India,512,512,262134,50228,19.161192367262544
India_103447,India_103447_S1Hand.tif,India_103447_LabelHand.tif,/Users/archiewilliamhulse/Desktop/Msc Data Science/Final Project/DSM500 Final Project/Data/Sen1Floods11_raw/v1.1/data/flood_events/HandLabeled/S1Hand/India_103447_S1Hand.tif,/Users/archiewilliamhulse/Desktop/Msc Data Science/Final Project/DSM500 Final Project/Data/Sen1Floods11_raw/v1.1/data/flood_events/HandLabeled/LabelHand/India_103447_LabelHand.tif,train,India,512,512,163567,26977,16.492935616597478
India_136196,India_136196_S1Hand.tif,India_136196_LabelHand.tif,/Users/archiewilliamhulse/Desktop/Msc Data Science/Final Project/DSM500 Final Project/Data/Sen1Floods11_raw/v1.1/data/flood_events/HandLabeled/S1Hand/India_136196_S1Hand.tif,/Users/archiewilliamhulse/Desktop/Msc Data Science/Final Project/DSM500 Final Project/Data/Sen1Floods11_raw/v1.1/data/flood_events/HandLabeled/LabelHand/India_136196_LabelHand.tif,train,India,512,512,211744,0,0.0
India_842775,India_842775_S1Hand.tif,India_842775_LabelHand.tif,/Users/archiewilliamhulse/Desktop/Msc Data Science/Final Project/DSM500 Final Project/Data/Sen1Floods11_raw/v1.1/data/flood_events/HandLabeled/S1Hand/India_842775_S1Hand.tif,/Users/archiewilliamhulse/Desktop/Msc Data Science/Final Project/DSM500 Final Project/Data/Sen1Floods11_raw/v1.1/data/flood_events/HandLabeled/LabelHand/India_842775_LabelHand.tif,train,India,512,512,246418,5929,2.406074231590225
India_25540,India_25540_S1Hand.tif,India_25540_LabelHand.tif,/Users/archiewilliamhulse/Desktop/Msc Data Science/Final Project/DSM500 Final Project/Data/Sen1Floods11_raw/v1.1/data/flood_events/HandLabeled/S1Hand/India_25540_S1Hand.tif,/Users/archiewilliamhulse/Desktop/Msc Data Science/Final Project/DSM500 Final Project/Data/Sen1Floods11_raw/v1.1/data/flood_events/HandLabeled/LabelHand/India_25540_LabelHand.tif,train,India,512,512,188625,11559,6.12803180914513
India_56450,India_56450_S1Hand.tif,India_56450_LabelHand.tif,/Users/archiewilliamhulse/Desktop/Msc Data Science/Final Project/DSM500 Final Project/Data/Sen1Floods11_raw/v1.1/data/flood_events/HandLabeled/S1Hand/India_56450_S1Hand.tif,/Users/archiewilliamhulse/Desktop/Msc Data Science/Final Project/DSM500 Final Project/Data/Sen1Floods11_raw/v1.1/data/flood_events/HandLabeled/LabelHand/India_56450_LabelHand.tif,train,India,512,512,181248,82,0.04524187853107345
India_135434,India_135434_S1Hand.tif,India_135434_LabelHand.tif,/Users/archiewilliamhulse/Desktop/Msc Data Science/Final Project/DSM500 Final Project/Data/Sen1Floods11_raw/v1.1/data/flood_events/HandLabeled/S1Hand/India_135434_S1Hand.tif,/Users/archiewilliamhulse/Desktop/Msc Data Science/Final Project/DSM500 Final Project/Data/Sen1Floods11_raw/v1.1/data/flood_events/HandLabeled/LabelHand/India_135434_LabelHand.tif,train,India,512,512,117150,10312,8.802390098164746
India_652725,India_652725_S1Hand.tif,India_652725_LabelHand.tif,/Users/archiewilliamhulse/Desktop/Msc Data Science/Final Project/DSM500 Final Project/Data/Sen1Floods11_raw/v1.1/data/flood_events/HandLabeled/S1Hand/India_652725_S1Hand.tif,/Users/archiewilliamhulse/Desktop/Msc Data Science/Final Project/DSM500 Final Project/Data/Sen1Floods11_raw/v1.1/data/flood_events/HandLabeled/LabelHand/India_652725_LabelHand.tif,train,India,512,512,262094,21795,8.315718787915786
India_943439,India_943439_S1Hand.tif,India_943439_LabelHand.tif,/Users/archiewilliamhulse/Desktop/Msc Data Science/Final Project/DSM500 Final Project/Data/Sen1Floods11_raw/v1.1/data/flood_events/HandLabeled/S1Hand/India_943439_S1Hand.tif,/Users/archiewilliamhulse/Desktop/Msc Data Science/Final Project/DSM500 Final Project/Data/Sen1Floods11_raw/v1.1/data/flood_events/HandLabeled/LabelHand/India_943439_LabelHand.tif,train,India,512,512,250096,47609,19.036290064615187
India_73419,India_73419_S1Hand.tif,India_73419_LabelHand.tif,/Users/archiewilliamhulse/Desktop/Msc Data Science/Final Project/DSM500 Final Project/Data/Sen1Floods11_raw/v1.1/data/flood_events/HandLabeled/S1Hand/India_73419_S1Hand.tif,/Users/archiewilliamhulse/Desktop/Msc Data Science/Final Project/DSM500 Final Project/Data/Sen1Floods11_raw/v1.1/data/flood_events/HandLabeled/LabelHand/India_73419_LabelHand.tif,train,India,512,512,178934,6252,3.4940257301574884
India_591549,India_591549_S1Hand.tif,India_591549_LabelHand.tif,/Users/archiewilliamhulse/Desktop/Msc Data Science/Final Project/DSM500 Final Project/Data/Sen1Floods11_raw/v1.1/data/flood_events/HandLabeled/S1Hand/India_591549_S1Hand.tif,/Users/archiewilliamhulse/Desktop/Msc Data Science/Final Project/DSM500 Final Project/Data/Sen1Floods11_raw/v1.1/data/flood_events/HandLabeled/LabelHand/India_591549_LabelHand.tif,train,India,512,512,245709,11054,4.498817707125095
India_273873,India_273873_S1Hand.tif,India_273873_LabelHand.tif,/Users/archiewilliamhulse/Desktop/Msc Data Science/Final Project/DSM500 Final Project/Data/Sen1Floods11_raw/v1.1/data/flood_events/HandLabeled/S1Hand/India_273873_S1Hand.tif,/Users/archiewilliamhulse/Desktop/Msc Data Science/Final Project/DSM500 Final Project/Data/Sen1Floods11_raw/v1.1/data/flood_events/HandLabeled/LabelHand/India_273873_LabelHand.tif,train,India,512,512,155608,5446,3.499820060665262
India_707886,India_707886_S1Hand.tif,India_707886_LabelHand.tif,/Users/archiewilliamhulse/Desktop/Msc Data Science/Final Project/DSM500 Final Project/Data/Sen1Floods11_raw/v1.1/data/flood_events/HandLabeled/S1Hand/India_707886_S1Hand.tif,/Users/archiewilliamhulse/Desktop/Msc Data Science/Final Project/DSM500 Final Project/Data/Sen1Floods11_raw/v1.1/data/flood_events/HandLabeled/LabelHand/India_707886_LabelHand.tif,train,India,512,512,256881,5668,2.206469143299816
India_265762,India_265762_S1Hand.tif,India_265762_LabelHand.tif,/Users/archiewilliamhulse/Desktop/Msc Data Science/Final Project/DSM500 Final Project/Data/Sen1Floods11_raw/v1.1/data/flood_events/HandLabeled/S1Hand/India_265762_S1Hand.tif,/Users/archiewilliamhulse/Desktop/Msc Data Science/Final Project/DSM500 Final Project/Data/Sen1Floods11_raw/v1.1/data/flood_events/HandLabeled/LabelHand/India_265762_LabelHand.tif,train,India,512,512,147296,8533,5.7930968933304365
Mekong_221789,Mekong_221789_S1Hand.tif,Mekong_221789_LabelHand.tif,/Users/archiewilliamhulse/Desktop/Msc Data Science/Final Project/DSM500 Final Project/Data/Sen1Floods11_raw/v1.1/data/flood_events/HandLabeled/S1Hand/Mekong_221789_S1Hand.tif,/Users/archiewilliamhulse/Desktop/Msc Data Science/Final Project/DSM500 Final Project/Data/Sen1Floods11_raw/v1.1/data/flood_events/HandLabeled/LabelHand/Mekong_221789_LabelHand.tif,train,Mekong,512,512,215327,0,0.0
Mekong_52610,Mekong_52610_S1Hand.tif,Mekong_52610_LabelHand.tif,/Users/archiewilliamhulse/Desktop/Msc Data Science/Final Project/DSM500 Final Project/Data/Sen1Floods11_raw/v1.1/data/flood_events/HandLabeled/S1Hand/Mekong_52610_S1Hand.tif,/Users/archiewilliamhulse/Desktop/Msc Data Science/Final Project/DSM500 Final Project/Data/Sen1Floods11_raw/v1.1/data/flood_events/HandLabeled/LabelHand/Mekong_52610_LabelHand.tif,train,Mekong,512,512,262144,210673,80.36537170410156
Mekong_596495,Mekong_596495_S1Hand.tif,Mekong_596495_LabelHand.tif,/Users/archiewilliamhulse/Desktop/Msc Data Science/Final Project/DSM500 Final Project/Data/Sen1Floods11_raw/v1.1/data/flood_events/HandLabeled/S1Hand/Mekong_596495_S1Hand.tif,/Users/archiewilliamhulse/Desktop/Msc Data Science/Final Project/DSM500 Final Project/Data/Sen1Floods11_raw/v1.1/data/flood_events/HandLabeled/LabelHand/Mekong_596495_LabelHand.tif,train,Mekong,512,512,229484,177144,77.19230970350874
Mekong_1439641,Mekong_1439641_S1Hand.tif,Mekong_1439641_LabelHand.tif,/Users/archiewilliamhulse/Desktop/Msc Data Science/Final Project/DSM500 Final Project/Data/Sen1Floods11_raw/v1.1/data/flood_events/HandLabeled/S1Hand/Mekong_1439641_S1Hand.tif,/Users/archiewilliamhulse/Desktop/Msc Data Science/Final Project/DSM500 Final Project/Data/Sen1Floods11_raw/v1.1/data/flood_events/HandLabeled/LabelHand/Mekong_1439641_LabelHand.tif,train,Mekong,512,512,262083,197802,75.47303716761485
Mekong_1191208,Mekong_1191208_S1Hand.tif,Mekong_1191208_LabelHand.tif,/Users/archiewilliamhulse/Desktop/Msc Data Science/Final Project/DSM500 Final Project/Data/Sen1Floods11_raw/v1.1/data/flood_events/HandLabeled/S1Hand/Mekong_1191208_S1Hand.tif,/Users/archiewilliamhulse/Desktop/Msc Data Science/Final Project/DSM500 Final Project/Data/Sen1Floods11_raw/v1.1/data/flood_events/HandLabeled/LabelHand/Mekong_1191208_LabelHand.tif,train,Mekong,512,512,202312,15265,7.545276602475385
Mekong_774566,Mekong_774566_S1Hand.tif,Mekong_774566_LabelHand.tif,/Users/archiewilliamhulse/Desktop/Msc Data Science/Final Project/DSM500 Final Project/Data/Sen1Floods11_raw/v1.1/data/flood_events/HandLabeled/S1Hand/Mekong_774566_S1Hand.tif,/Users/archiewilliamhulse/Desktop/Msc Data Science/Final Project/DSM500 Final Project/Data/Sen1Floods11_raw/v1.1/data/flood_events/HandLabeled/LabelHand/Mekong_774566_LabelHand.tif,train,Mekong,512,512,227728,77043,33.83114944143891
Mekong_213094,Mekong_213094_S1Hand.tif,Mekong_213094_LabelHand.tif,/Users/archiewilliamhulse/Desktop/Msc Data Science/Final Project/DSM500 Final Project/Data/Sen1Floods11_raw/v1.1/data/flood_events/HandLabeled/S1Hand/Mekong_213094_S1Hand.tif,/Users/archiewilliamhulse/Desktop/Msc Data Science/Final Project/DSM500 Final Project/Data/Sen1Floods11_raw/v1.1/data/flood_events/HandLabeled/LabelHand/Mekong_213094_LabelHand.tif,train,Mekong,512,512,230584,111,0.04813863928112966
Mekong_119477,Mekong_119477_S1Hand.tif,Mekong_119477_LabelHand.tif,/Users/archiewilliamhulse/Desktop/Msc Data Science/Final Project/DSM500 Final Project/Data/Sen1Floods11_raw/v1.1/data/flood_events/HandLabeled/S1Hand/Mekong_119477_S1Hand.tif,/Users/archiewilliamhulse/Desktop/Msc Data Science/Final Project/DSM500 Final Project/Data/Sen1Floods11_raw/v1.1/data/flood_events/HandLabeled/LabelHand/Mekong_119477_LabelHand.tif,train,Mekong,512,512,260952,2996,1.1481038658450597
Mekong_269835,Mekong_269835_S1Hand.tif,Mekong_269835_LabelHand.tif,/Users/archiewilliamhulse/Desktop/Msc Data Science/Final Project/DSM500 Final Project/Data/Sen1Floods11_raw/v1.1/data/flood_events/HandLabeled/S1Hand/Mekong_269835_S1Hand.tif,/Users/archiewilliamhulse/Desktop/Msc Data Science/Final Project/DSM500 Final Project/Data/Sen1Floods11_raw/v1.1/data/flood_events/HandLabeled/LabelHand/Mekong_269835_LabelHand.tif,train,Mekong,512,512,212236,483,0.22757684841402964
Mekong_846007,Mekong_846007_S1Hand.tif,Mekong_846007_LabelHand.tif,/Users/archiewilliamhulse/Desktop/Msc Data Science/Final Project/DSM500 Final Project/Data/Sen1Floods11_raw/v1.1/data/flood_events/HandLabeled/S1Hand/Mekong_846007_S1Hand.tif,/Users/archiewilliamhulse/Desktop/Msc Data Science/Final Project/DSM500 Final Project/Data/Sen1Floods11_raw/v1.1/data/flood_events/HandLabeled/LabelHand/Mekong_846007_LabelHand.tif,train,Mekong,512,512,164030,7535,4.593671889288545
Mekong_1111068,Mekong_1111068_S1Hand.tif,Mekong_1111068_LabelHand.tif,/Users/archiewilliamhulse/Desktop/Msc Data Science/Final Project/DSM500 Final Project/Data/Sen1Floods11_raw/v1.1/data/flood_events/HandLabeled/S1Hand/Mekong_1111068_S1Hand.tif,/Users/archiewilliamhulse/Desktop/Msc Data Science/Final Project/DSM500 Final Project/Data/Sen1Floods11_raw/v1.1/data/flood_events/HandLabeled/LabelHand/Mekong_1111068_LabelHand.tif,train,Mekong,512,512,262098,7449,2.842066707872628
Mekong_1282475,Mekong_1282475_S1Hand.tif,Mekong_1282475_LabelHand.tif,/Users/archiewilliamhulse/Desktop/Msc Data Science/Final Project/DSM500 Final Project/Data/Sen1Floods11_raw/v1.1/data/flood_events/HandLabeled/S1Hand/Mekong_1282475_S1Hand.tif,/Users/archiewilliamhulse/Desktop/Msc Data Science/Final Project/DSM500 Final Project/Data/Sen1Floods11_raw/v1.1/data/flood_events/HandLabeled/LabelHand/Mekong_1282475_LabelHand.tif,train,Mekong,512,512,262144,26551,10.128402709960938
Mekong_16233,Mekong_16233_S1Hand.tif,Mekong_16233_LabelHand.tif,/Users/archiewilliamhulse/Desktop/Msc Data Science/Final Project/DSM500 Final Project/Data/Sen1Floods11_raw/v1.1/data/flood_events/HandLabeled/S1Hand/Mekong_16233_S1Hand.tif,/Users/archiewilliamhulse/Desktop/Msc Data Science/Final Project/DSM500 Final Project/Data/Sen1Floods11_raw/v1.1/data/flood_events/HandLabeled/LabelHand/Mekong_16233_LabelHand.tif,train,Mekong,512,512,262132,62211,23.732699555948912
Mekong_342411,Mekong_342411_S1Hand.tif,Mekong_342411_LabelHand.tif,/Users/archiewilliamhulse/Desktop/Msc Data Science/Final Project/DSM500 Final Project/Data/Sen1Floods11_raw/v1.1/data/flood_events/HandLabeled/S1Hand/Mekong_342411_S1Hand.tif,/Users/archiewilliamhulse/Desktop/Msc Data Science/Final Project/DSM500 Final Project/Data/Sen1Floods11_raw/v1.1/data/flood_events/HandLabeled/LabelHand/Mekong_342411_LabelHand.tif,train,Mekong,512,512,262141,28914,11.02994190149576
Mekong_1395593,Mekong_1395593_S1Hand.tif,Mekong_1395593_LabelHand.tif,/Users/archiewilliamhulse/Desktop/Msc Data Science/Final Project/DSM500 Final Project/Data/Sen1Floods11_raw/v1.1/data/flood_events/HandLabeled/S1Hand/Mekong_1395593_S1Hand.tif,/Users/archiewilliamhulse/Desktop/Msc Data Science/Final Project/DSM500 Final Project/Data/Sen1Floods11_raw/v1.1/data/flood_events/HandLabeled/LabelHand/Mekong_1395593_LabelHand.tif,train,Mekong,512,512,261728,18875,7.2116854138647755
Mekong_922373,Mekong_922373_S1Hand.tif,Mekong_922373_LabelHand.tif,/Users/archiewilliamhulse/Desktop/Msc Data Science/Final Project/DSM500 Final Project/Data/Sen1Floods11_raw/v1.1/data/flood_events/HandLabeled/S1Hand/Mekong_922373_S1Hand.tif,/Users/archiewilliamhulse/Desktop/Msc Data Science/Final Project/DSM500 Final Project/Data/Sen1Floods11_raw/v1.1/data/flood_events/HandLabeled/LabelHand/Mekong_922373_LabelHand.tif,train,Mekong,512,512,262138,119765,45.68776751176861
Mekong_1396181,Mekong_1396181_S1Hand.tif,Mekong_1396181_LabelHand.tif,/Users/archiewilliamhulse/Desktop/Msc Data Science/Final Project/DSM500 Final Project/Data/Sen1Floods11_raw/v1.1/data/flood_events/HandLabeled/S1Hand/Mekong_1396181_S1Hand.tif,/Users/archiewilliamhulse/Desktop/Msc Data Science/Final Project/DSM500 Final Project/Data/Sen1Floods11_raw/v1.1/data/flood_events/HandLabeled/LabelHand/Mekong_1396181_LabelHand.tif,train,Mekong,512,512,243062,145007,59.65844105619142
Mekong_1248200,Mekong_1248200_S1Hand.tif,Mekong_1248200_LabelHand.tif,/Users/archiewilliamhulse/Desktop/Msc Data Science/Final Project/DSM500 Final Project/Data/Sen1Floods11_raw/v1.1/data/flood_events/HandLabeled/S1Hand/Mekong_1248200_S1Hand.tif,/Users/archiewilliamhulse/Desktop/Msc Data Science/Final Project/DSM500 Final Project/Data/Sen1Floods11_raw/v1.1/data/flood_events/HandLabeled/LabelHand/Mekong_1248200_LabelHand.tif,train,Mekong,512,512,260988,204588,78.38981102579429
Nigeria_529525,Nigeria_529525_S1Hand.tif,Nigeria_529525_LabelHand.tif,/Users/archiewilliamhulse/Desktop/Msc Data Science/Final Project/DSM500 Final Project/Data/Sen1Floods11_raw/v1.1/data/flood_events/HandLabeled/S1Hand/Nigeria_529525_S1Hand.tif,/Users/archiewilliamhulse/Desktop/Msc Data Science/Final Project/DSM500 Final Project/Data/Sen1Floods11_raw/v1.1/data/flood_events/HandLabeled/LabelHand/Nigeria_529525_LabelHand.tif,train,Nigeria,512,512,262144,223651,85.31608581542969
Nigeria_143329,Nigeria_143329_S1Hand.tif,Nigeria_143329_LabelHand.tif,/Users/archiewilliamhulse/Desktop/Msc Data Science/Final Project/DSM500 Final Project/Data/Sen1Floods11_raw/v1.1/data/flood_events/HandLabeled/S1Hand/Nigeria_143329_S1Hand.tif,/Users/archiewilliamhulse/Desktop/Msc Data Science/Final Project/DSM500 Final Project/Data/Sen1Floods11_raw/v1.1/data/flood_events/HandLabeled/LabelHand/Nigeria_143329_LabelHand.tif,train,Nigeria,512,512,249500,2777,1.1130260521042084
Nigeria_439488,Nigeria_439488_S1Hand.tif,Nigeria_439488_LabelHand.tif,/Users/archiewilliamhulse/Desktop/Msc Data Science/Final Project/DSM500 Final Project/Data/Sen1Floods11_raw/v1.1/data/flood_events/HandLabeled/S1Hand/Nigeria_439488_S1Hand.tif,/Users/archiewilliamhulse/Desktop/Msc Data Science/Final Project/DSM500 Final Project/Data/Sen1Floods11_raw/v1.1/data/flood_events/HandLabeled/LabelHand/Nigeria_439488_LabelHand.tif,train,Nigeria,512,512,229200,1468,0.6404886561954625
Nigeria_707067,Nigeria_707067_S1Hand.tif,Nigeria_707067_LabelHand.tif,/Users/archiewilliamhulse/Desktop/Msc Data Science/Final Project/DSM500 Final Project/Data/Sen1Floods11_raw/v1.1/data/flood_events/HandLabeled/S1Hand/Nigeria_707067_S1Hand.tif,/Users/archiewilliamhulse/Desktop/Msc Data Science/Final Project/DSM500 Final Project/Data/Sen1Floods11_raw/v1.1/data/flood_events/HandLabeled/LabelHand/Nigeria_707067_LabelHand.tif,train,Nigeria,512,512,261359,3756,1.437103753840503
Nigeria_81933,Nigeria_81933_S1Hand.tif,Nigeria_81933_LabelHand.tif,/Users/archiewilliamhulse/Desktop/Msc Data Science/Final Project/DSM500 Final Project/Data/Sen1Floods11_raw/v1.1/data/flood_events/HandLabeled/S1Hand/Nigeria_81933_S1Hand.tif,/Users/archiewilliamhulse/Desktop/Msc Data Science/Final Project/DSM500 Final Project/Data/Sen1Floods11_raw/v1.1/data/flood_events/HandLabeled/LabelHand/Nigeria_81933_LabelHand.tif,train,Nigeria,512,512,246268,177950,72.25867753829162
Nigeria_35845,Nigeria_35845_S1Hand.tif,Nigeria_35845_LabelHand.tif,/Users/archiewilliamhulse/Desktop/Msc Data Science/Final Project/DSM500 Final Project/Data/Sen1Floods11_raw/v1.1/data/flood_events/HandLabeled/S1Hand/Nigeria_35845_S1Hand.tif,/Users/archiewilliamhulse/Desktop/Msc Data Science/Final Project/DSM500 Final Project/Data/Sen1Floods11_raw/v1.1/data/flood_events/HandLabeled/LabelHand/Nigeria_35845_LabelHand.tif,train,Nigeria,512,512,213042,286,0.1342458294608575
Nigeria_598959,Nigeria_598959_S1Hand.tif,Nigeria_598959_LabelHand.tif,/Users/archiewilliamhulse/Desktop/Msc Data Science/Final Project/DSM500 Final Project/Data/Sen1Floods11_raw/v1.1/data/flood_events/HandLabeled/S1Hand/Nigeria_598959_S1Hand.tif,/Users/archiewilliamhulse/Desktop/Msc Data Science/Final Project/DSM500 Final Project/Data/Sen1Floods11_raw/v1.1/data/flood_events/HandLabeled/LabelHand/Nigeria_598959_LabelHand.tif,train,Nigeria,512,512,211208,46528,22.02946858073558
Nigeria_952958,Nigeria_952958_S1Hand.tif,Nigeria_952958_LabelHand.tif,/Users/archiewilliamhulse/Desktop/Msc Data Science/Final Project/DSM500 Final Project/Data/Sen1Floods11_raw/v1.1/data/flood_events/HandLabeled/S1Hand/Nigeria_952958_S1Hand.tif,/Users/archiewilliamhulse/Desktop/Msc Data Science/Final Project/DSM500 Final Project/Data/Sen1Floods11_raw/v1.1/data/flood_events/HandLabeled/LabelHand/Nigeria_952958_LabelHand.tif,train,Nigeria,512,512,227674,9735,4.275850558254346
Nigeria_78061,Nigeria_78061_S1Hand.tif,Nigeria_78061_LabelHand.tif,/Users/archiewilliamhulse/Desktop/Msc Data Science/Final Project/DSM500 Final Project/Data/Sen1Floods11_raw/v1.1/data/flood_events/HandLabeled/S1Hand/Nigeria_78061_S1Hand.tif,/Users/archiewilliamhulse/Desktop/Msc Data Science/Final Project/DSM500 Final Project/Data/Sen1Floods11_raw/v1.1/data/flood_events/HandLabeled/LabelHand/Nigeria_78061_LabelHand.tif,train,Nigeria,512,512,228886,5494,2.4003215574565506
Nigeria_600295,Nigeria_600295_S1Hand.tif,Nigeria_600295_LabelHand.tif,/Users/archiewilliamhulse/Desktop/Msc Data Science/Final Project/DSM500 Final Project/Data/Sen1Floods11_raw/v1.1/data/flood_events/HandLabeled/S1Hand/Nigeria_600295_S1Hand.tif,/Users/archiewilliamhulse/Desktop/Msc Data Science/Final Project/DSM500 Final Project/Data/Sen1Floods11_raw/v1.1/data/flood_events/HandLabeled/LabelHand/Nigeria_600295_LabelHand.tif,train,Nigeria,512,512,181691,83661,46.045759008426394
Pakistan_909806,Pakistan_909806_S1Hand.tif,Pakistan_909806_LabelHand.tif,/Users/archiewilliamhulse/Desktop/Msc Data Science/Final Project/DSM500 Final Project/Data/Sen1Floods11_raw/v1.1/data/flood_events/HandLabeled/S1Hand/Pakistan_909806_S1Hand.tif,/Users/archiewilliamhulse/Desktop/Msc Data Science/Final Project/DSM500 Final Project/Data/Sen1Floods11_raw/v1.1/data/flood_events/HandLabeled/LabelHand/Pakistan_909806_LabelHand.tif,train,Pakistan,512,512,116287,1414,1.2159570717277082
Pakistan_132143,Pakistan_132143_S1Hand.tif,Pakistan_132143_LabelHand.tif,/Users/archiewilliamhulse/Desktop/Msc Data Science/Final Project/DSM500 Final Project/Data/Sen1Floods11_raw/v1.1/data/flood_events/HandLabeled/S1Hand/Pakistan_132143_S1Hand.tif,/Users/archiewilliamhulse/Desktop/Msc Data Science/Final Project/DSM500 Final Project/Data/Sen1Floods11_raw/v1.1/data/flood_events/HandLabeled/LabelHand/Pakistan_132143_LabelHand.tif,train,Pakistan,512,512,262144,0,0.0
Pakistan_712873,Pakistan_712873_S1Hand.tif,Pakistan_712873_LabelHand.tif,/Users/archiewilliamhulse/Desktop/Msc Data Science/Final Project/DSM500 Final Project/Data/Sen1Floods11_raw/v1.1/data/flood_events/HandLabeled/S1Hand/Pakistan_712873_S1Hand.tif,/Users/archiewilliamhulse/Desktop/Msc Data Science/Final Project/DSM500 Final Project/Data/Sen1Floods11_raw/v1.1/data/flood_events/HandLabeled/LabelHand/Pakistan_712873_LabelHand.tif,train,Pakistan,512,512,119557,1316,1.1007301956389004
Pakistan_35915,Pakistan_35915_S1Hand.tif,Pakistan_35915_LabelHand.tif,/Users/archiewilliamhulse/Desktop/Msc Data Science/Final Project/DSM500 Final Project/Data/Sen1Floods11_raw/v1.1/data/flood_events/HandLabeled/S1Hand/Pakistan_35915_S1Hand.tif,/Users/archiewilliamhulse/Desktop/Msc Data Science/Final Project/DSM500 Final Project/Data/Sen1Floods11_raw/v1.1/data/flood_events/HandLabeled/LabelHand/Pakistan_35915_LabelHand.tif,train,Pakistan,512,512,129233,52301,40.470313310067866
Pakistan_246510,Pakistan_246510_S1Hand.tif,Pakistan_246510_LabelHand.tif,/Users/archiewilliamhulse/Desktop/Msc Data Science/Final Project/DSM500 Final Project/Data/Sen1Floods11_raw/v1.1/data/flood_events/HandLabeled/S1Hand/Pakistan_246510_S1Hand.tif,/Users/archiewilliamhulse/Desktop/Msc Data Science/Final Project/DSM500 Final Project/Data/Sen1Floods11_raw/v1.1/data/flood_events/HandLabeled/LabelHand/Pakistan_246510_LabelHand.tif,train,Pakistan,512,512,258817,10741,4.150036512284742
Pakistan_667363,Pakistan_667363_S1Hand.tif,Pakistan_667363_LabelHand.tif,/Users/archiewilliamhulse/Desktop/Msc Data Science/Final Project/DSM500 Final Project/Data/Sen1Floods11_raw/v1.1/data/flood_events/HandLabeled/S1Hand/Pakistan_667363_S1Hand.tif,/Users/archiewilliamhulse/Desktop/Msc Data Science/Final Project/DSM500 Final Project/Data/Sen1Floods11_raw/v1.1/data/flood_events/HandLabeled/LabelHand/Pakistan_667363_LabelHand.tif,train,Pakistan,512,512,162484,1219,0.7502277147288348
Pakistan_366265,Pakistan_366265_S1Hand.tif,Pakistan_366265_LabelHand.tif,/Users/archiewilliamhulse/Desktop/Msc Data Science/Final Project/DSM500 Final Project/Data/Sen1Floods11_raw/v1.1/data/flood_events/HandLabeled/S1Hand/Pakistan_366265_S1Hand.tif,/Users/archiewilliamhulse/Desktop/Msc Data Science/Final Project/DSM500 Final Project/Data/Sen1Floods11_raw/v1.1/data/flood_events/HandLabeled/LabelHand/Pakistan_366265_LabelHand.tif,train,Pakistan,512,512,127291,2,0.001571202991570496
Pakistan_548910,Pakistan_548910_S1Hand.tif,Pakistan_548910_LabelHand.tif,/Users/archiewilliamhulse/Desktop/Msc Data Science/Final Project/DSM500 Final Project/Data/Sen1Floods11_raw/v1.1/data/flood_events/HandLabeled/S1Hand/Pakistan_548910_S1Hand.tif,/Users/archiewilliamhulse/Desktop/Msc Data Science/Final Project/DSM500 Final Project/Data/Sen1Floods11_raw/v1.1/data/flood_events/HandLabeled/LabelHand/Pakistan_548910_LabelHand.tif,train,Pakistan,512,512,235696,3439,1.4590828864299776
Pakistan_740461,Pakistan_740461_S1Hand.tif,Pakistan_740461_LabelHand.tif,/Users/archiewilliamhulse/Desktop/Msc Data Science/Final Project/DSM500 Final Project/Data/Sen1Floods11_raw/v1.1/data/flood_events/HandLabeled/S1Hand/Pakistan_740461_S1Hand.tif,/Users/archiewilliamhulse/Desktop/Msc Data Science/Final Project/DSM500 Final Project/Data/Sen1Floods11_raw/v1.1/data/flood_events/HandLabeled/LabelHand/Pakistan_740461_LabelHand.tif,train,Pakistan,512,512,211456,0,0.0
Pakistan_211386,Pakistan_211386_S1Hand.tif,Pakistan_211386_LabelHand.tif,/Users/archiewilliamhulse/Desktop/Msc Data Science/Final Project/DSM500 Final Project/Data/Sen1Floods11_raw/v1.1/data/flood_events/HandLabeled/S1Hand/Pakistan_211386_S1Hand.tif,/Users/archiewilliamhulse/Desktop/Msc Data Science/Final Project/DSM500 Final Project/Data/Sen1Floods11_raw/v1.1/data/flood_events/HandLabeled/LabelHand/Pakistan_211386_LabelHand.tif,train,Pakistan,512,512,255405,6859,2.6855386542941604
Pakistan_401863,Pakistan_401863_S1Hand.tif,Pakistan_401863_LabelHand.tif,/Users/archiewilliamhulse/Desktop/Msc Data Science/Final Project/DSM500 Final Project/Data/Sen1Floods11_raw/v1.1/data/flood_events/HandLabeled/S1Hand/Pakistan_401863_S1Hand.tif,/Users/archiewilliamhulse/Desktop/Msc Data Science/Final Project/DSM500 Final Project/Data/Sen1Floods11_raw/v1.1/data/flood_events/HandLabeled/LabelHand/Pakistan_401863_LabelHand.tif,train,Pakistan,512,512,258845,3324,1.2841661998493306
Pakistan_246718,Pakistan_246718_S1Hand.tif,Pakistan_246718_LabelHand.tif,/Users/archiewilliamhulse/Desktop/Msc Data Science/Final Project/DSM500 Final Project/Data/Sen1Floods11_raw/v1.1/data/flood_events/HandLabeled/S1Hand/Pakistan_246718_S1Hand.tif,/Users/archiewilliamhulse/Desktop/Msc Data Science/Final Project/DSM500 Final Project/Data/Sen1Floods11_raw/v1.1/data/flood_events/HandLabeled/LabelHand/Pakistan_246718_LabelHand.tif,train,Pakistan,512,512,235278,13126,5.578932156852744
Pakistan_474121,Pakistan_474121_S1Hand.tif,Pakistan_474121_LabelHand.tif,/Users/archiewilliamhulse/Desktop/Msc Data Science/Final Project/DSM500 Final Project/Data/Sen1Floods11_raw/v1.1/data/flood_events/HandLabeled/S1Hand/Pakistan_474121_S1Hand.tif,/Users/archiewilliamhulse/Desktop/Msc Data Science/Final Project/DSM500 Final Project/Data/Sen1Floods11_raw/v1.1/data/flood_events/HandLabeled/LabelHand/Pakistan_474121_LabelHand.tif,train,Pakistan,512,512,180789,8893,4.918993965340811
Pakistan_65724,Pakistan_65724_S1Hand.tif,Pakistan_65724_LabelHand.tif,/Users/archiewilliamhulse/Desktop/Msc Data Science/Final Project/DSM500 Final Project/Data/Sen1Floods11_raw/v1.1/data/flood_events/HandLabeled/S1Hand/Pakistan_65724_S1Hand.tif,/Users/archiewilliamhulse/Desktop/Msc Data Science/Final Project/DSM500 Final Project/Data/Sen1Floods11_raw/v1.1/data/flood_events/HandLabeled/LabelHand/Pakistan_65724_LabelHand.tif,train,Pakistan,512,512,262143,0,0.0
Pakistan_1036366,Pakistan_1036366_S1Hand.tif,Pakistan_1036366_LabelHand.tif,/Users/archiewilliamhulse/Desktop/Msc Data Science/Final Project/DSM500 Final Project/Data/Sen1Floods11_raw/v1.1/data/flood_events/HandLabeled/S1Hand/Pakistan_1036366_S1Hand.tif,/Users/archiewilliamhulse/Desktop/Msc Data Science/Final Project/DSM500 Final Project/Data/Sen1Floods11_raw/v1.1/data/flood_events/HandLabeled/LabelHand/Pakistan_1036366_LabelHand.tif,train,Pakistan,512,512,110380,22673,20.54085885124117
Pakistan_760290,Pakistan_760290_S1Hand.tif,Pakistan_760290_LabelHand.tif,/Users/archiewilliamhulse/Desktop/Msc Data Science/Final Project/DSM500 Final Project/Data/Sen1Floods11_raw/v1.1/data/flood_events/HandLabeled/S1Hand/Pakistan_760290_S1Hand.tif,/Users/archiewilliamhulse/Desktop/Msc Data Science/Final Project/DSM500 Final Project/Data/Sen1Floods11_raw/v1.1/data/flood_events/HandLabeled/LabelHand/Pakistan_760290_LabelHand.tif,train,Pakistan,512,512,233498,0,0.0
Paraguay_721886,Paraguay_721886_S1Hand.tif,Paraguay_721886_LabelHand.tif,/Users/archiewilliamhulse/Desktop/Msc Data Science/Final Project/DSM500 Final Project/Data/Sen1Floods11_raw/v1.1/data/flood_events/HandLabeled/S1Hand/Paraguay_721886_S1Hand.tif,/Users/archiewilliamhulse/Desktop/Msc Data Science/Final Project/DSM500 Final Project/Data/Sen1Floods11_raw/v1.1/data/flood_events/HandLabeled/LabelHand/Paraguay_721886_LabelHand.tif,train,Paraguay,512,512,262144,10934,4.170989990234375
Paraguay_62897,Paraguay_62897_S1Hand.tif,Paraguay_62897_LabelHand.tif,/Users/archiewilliamhulse/Desktop/Msc Data Science/Final Project/DSM500 Final Project/Data/Sen1Floods11_raw/v1.1/data/flood_events/HandLabeled/S1Hand/Paraguay_62897_S1Hand.tif,/Users/archiewilliamhulse/Desktop/Msc Data Science/Final Project/DSM500 Final Project/Data/Sen1Floods11_raw/v1.1/data/flood_events/HandLabeled/LabelHand/Paraguay_62897_LabelHand.tif,train,Paraguay,512,512,262144,41142,15.694427490234375
Paraguay_36015,Paraguay_36015_S1Hand.tif,Paraguay_36015_LabelHand.tif,/Users/archiewilliamhulse/Desktop/Msc Data Science/Final Project/DSM500 Final Project/Data/Sen1Floods11_raw/v1.1/data/flood_events/HandLabeled/S1Hand/Paraguay_36015_S1Hand.tif,/Users/archiewilliamhulse/Desktop/Msc Data Science/Final Project/DSM500 Final Project/Data/Sen1Floods11_raw/v1.1/data/flood_events/HandLabeled/LabelHand/Paraguay_36015_LabelHand.tif,train,Paraguay,512,512,262139,0,0.0
Paraguay_12870,Paraguay_12870_S1Hand.tif,Paraguay_12870_LabelHand.tif,/Users/archiewilliamhulse/Desktop/Msc Data Science/Final Project/DSM500 Final Project/Data/Sen1Floods11_raw/v1.1/data/flood_events/HandLabeled/S1Hand/Paraguay_12870_S1Hand.tif,/Users/archiewilliamhulse/Desktop/Msc Data Science/Final Project/DSM500 Final Project/Data/Sen1Floods11_raw/v1.1/data/flood_events/HandLabeled/LabelHand/Paraguay_12870_LabelHand.tif,train,Paraguay,512,512,262144,0,0.0
Paraguay_126224,Paraguay_126224_S1Hand.tif,Paraguay_126224_LabelHand.tif,/Users/archiewilliamhulse/Desktop/Msc Data Science/Final Project/DSM500 Final Project/Data/Sen1Floods11_raw/v1.1/data/flood_events/HandLabeled/S1Hand/Paraguay_126224_S1Hand.tif,/Users/archiewilliamhulse/Desktop/Msc Data Science/Final Project/DSM500 Final Project/Data/Sen1Floods11_raw/v1.1/data/flood_events/HandLabeled/LabelHand/Paraguay_126224_LabelHand.tif,train,Paraguay,512,512,262144,144382,55.077362060546875
Paraguay_215904,Paraguay_215904_S1Hand.tif,Paraguay_215904_LabelHand.tif,/Users/archiewilliamhulse/Desktop/Msc Data Science/Final Project/DSM500 Final Project/Data/Sen1Floods11_raw/v1.1/data/flood_events/HandLabeled/S1Hand/Paraguay_215904_S1Hand.tif,/Users/archiewilliamhulse/Desktop/Msc Data Science/Final Project/DSM500 Final Project/Data/Sen1Floods11_raw/v1.1/data/flood_events/HandLabeled/LabelHand/Paraguay_215904_LabelHand.tif,train,Paraguay,512,512,226308,0,0.0
Paraguay_54421,Paraguay_54421_S1Hand.tif,Paraguay_54421_LabelHand.tif,/Users/archiewilliamhulse/Desktop/Msc Data Science/Final Project/DSM500 Final Project/Data/Sen1Floods11_raw/v1.1/data/flood_events/HandLabeled/S1Hand/Paraguay_54421_S1Hand.tif,/Users/archiewilliamhulse/Desktop/Msc Data Science/Final Project/DSM500 Final Project/Data/Sen1Floods11_raw/v1.1/data/flood_events/HandLabeled/LabelHand/Paraguay_54421_LabelHand.tif,train,Paraguay,512,512,262144,40,0.0152587890625
Paraguay_247656,Paraguay_247656_S1Hand.tif,Paraguay_247656_LabelHand.tif,/Users/archiewilliamhulse/Desktop/Msc Data Science/Final Project/DSM500 Final Project/Data/Sen1Floods11_raw/v1.1/data/flood_events/HandLabeled/S1Hand/Paraguay_247656_S1Hand.tif,/Users/archiewilliamhulse/Desktop/Msc Data Science/Final Project/DSM500 Final Project/Data/Sen1Floods11_raw/v1.1/data/flood_events/HandLabeled/LabelHand/Paraguay_247656_LabelHand.tif,train,Paraguay,512,512,262144,20976,8.001708984375
Paraguay_179624,Paraguay_179624_S1Hand.tif,Paraguay_179624_LabelHand.tif,/Users/archiewilliamhulse/Desktop/Msc Data Science/Final Project/DSM500 Final Project/Data/Sen1Floods11_raw/v1.1/data/flood_events/HandLabeled/S1Hand/Paraguay_179624_S1Hand.tif,/Users/archiewilliamhulse/Desktop/Msc Data Science/Final Project/DSM500 Final Project/Data/Sen1Floods11_raw/v1.1/data/flood_events/HandLabeled/LabelHand/Paraguay_179624_LabelHand.tif,train,Paraguay,512,512,262109,42,0.01602386793280658
Paraguay_1029042,Paraguay_1029042_S1Hand.tif,Paraguay_1029042_LabelHand.tif,/Users/archiewilliamhulse/Desktop/Msc Data Science/Final Project/DSM500 Final Project/Data/Sen1Floods11_raw/v1.1/data/flood_events/HandLabeled/S1Hand/Paraguay_1029042_S1Hand.tif,/Users/archiewilliamhulse/Desktop/Msc Data Science/Final Project/DSM500 Final Project/Data/Sen1Floods11_raw/v1.1/data/flood_events/HandLabeled/LabelHand/Paraguay_1029042_LabelHand.tif,train,Paraguay,512,512,223004,61197,27.442108661728042
Paraguay_246154,Paraguay_246154_S1Hand.tif,Paraguay_246154_LabelHand.tif,/Users/archiewilliamhulse/Desktop/Msc Data Science/Final Project/DSM500 Final Project/Data/Sen1Floods11_raw/v1.1/data/flood_events/HandLabeled/S1Hand/Paraguay_246154_S1Hand.tif,/Users/archiewilliamhulse/Desktop/Msc Data Science/Final Project/DSM500 Final Project/Data/Sen1Floods11_raw/v1.1/data/flood_events/HandLabeled/LabelHand/Paraguay_246154_LabelHand.tif,train,Paraguay,512,512,262144,36,0.01373291015625
Paraguay_892933,Paraguay_892933_S1Hand.tif,Paraguay_892933_LabelHand.tif,/Users/archiewilliamhulse/Desktop/Msc Data Science/Final Project/DSM500 Final Project/Data/Sen1Floods11_raw/v1.1/data/flood_events/HandLabeled/S1Hand/Paraguay_892933_S1Hand.tif,/Users/archiewilliamhulse/Desktop/Msc Data Science/Final Project/DSM500 Final Project/Data/Sen1Floods11_raw/v1.1/data/flood_events/HandLabeled/LabelHand/Paraguay_892933_LabelHand.tif,train,Paraguay,512,512,262144,26570,10.135650634765625
Paraguay_11869,Paraguay_11869_S1Hand.tif,Paraguay_11869_LabelHand.tif,/Users/archiewilliamhulse/Desktop/Msc Data Science/Final Project/DSM500 Final Project/Data/Sen1Floods11_raw/v1.1/data/flood_events/HandLabeled/S1Hand/Paraguay_11869_S1Hand.tif,/Users/archiewilliamhulse/Desktop/Msc Data Science/Final Project/DSM500 Final Project/Data/Sen1Floods11_raw/v1.1/data/flood_events/HandLabeled/LabelHand/Paraguay_11869_LabelHand.tif,train,Paraguay,512,512,257933,222,0.08606886284422699
Paraguay_921838,Paraguay_921838_S1Hand.tif,Paraguay_921838_LabelHand.tif,/Users/archiewilliamhulse/Desktop/Msc Data Science/Final Project/DSM500 Final Project/Data/Sen1Floods11_raw/v1.1/data/flood_events/HandLabeled/S1Hand/Paraguay_921838_S1Hand.tif,/Users/archiewilliamhulse/Desktop/Msc Data Science/Final Project/DSM500 Final Project/Data/Sen1Floods11_raw/v1.1/data/flood_events/HandLabeled/LabelHand/Paraguay_921838_LabelHand.tif,train,Paraguay,512,512,262144,7350,2.803802490234375
Paraguay_24341,Paraguay_24341_S1Hand.tif,Paraguay_24341_LabelHand.tif,/Users/archiewilliamhulse/Desktop/Msc Data Science/Final Project/DSM500 Final Project/Data/Sen1Floods11_raw/v1.1/data/flood_events/HandLabeled/S1Hand/Paraguay_24341_S1Hand.tif,/Users/archiewilliamhulse/Desktop/Msc Data Science/Final Project/DSM500 Final Project/Data/Sen1Floods11_raw/v1.1/data/flood_events/HandLabeled/LabelHand/Paraguay_24341_LabelHand.tif,train,Paraguay,512,512,262144,68353,26.074600219726562
Paraguay_605682,Paraguay_605682_S1Hand.tif,Paraguay_605682_LabelHand.tif,/Users/archiewilliamhulse/Desktop/Msc Data Science/Final Project/DSM500 Final Project/Data/Sen1Floods11_raw/v1.1/data/flood_events/HandLabeled/S1Hand/Paraguay_605682_S1Hand.tif,/Users/archiewilliamhulse/Desktop/Msc Data Science/Final Project/DSM500 Final Project/Data/Sen1Floods11_raw/v1.1/data/flood_events/HandLabeled/LabelHand/Paraguay_605682_LabelHand.tif,train,Paraguay,512,512,262144,75440,28.778076171875
Paraguay_997480,Paraguay_997480_S1Hand.tif,Paraguay_997480_LabelHand.tif,/Users/archiewilliamhulse/Desktop/Msc Data Science/Final Project/DSM500 Final Project/Data/Sen1Floods11_raw/v1.1/data/flood_events/HandLabeled/S1Hand/Paraguay_997480_S1Hand.tif,/Users/archiewilliamhulse/Desktop/Msc Data Science/Final Project/DSM500 Final Project/Data/Sen1Floods11_raw/v1.1/data/flood_events/HandLabeled/LabelHand/Paraguay_997480_LabelHand.tif,train,Paraguay,512,512,262144,19947,7.6091766357421875
Paraguay_148318,Paraguay_148318_S1Hand.tif,Paraguay_148318_LabelHand.tif,/Users/archiewilliamhulse/Desktop/Msc Data Science/Final Project/DSM500 Final Project/Data/Sen1Floods11_raw/v1.1/data/flood_events/HandLabeled/S1Hand/Paraguay_148318_S1Hand.tif,/Users/archiewilliamhulse/Desktop/Msc Data Science/Final Project/DSM500 Final Project/Data/Sen1Floods11_raw/v1.1/data/flood_events/HandLabeled/LabelHand/Paraguay_148318_LabelHand.tif,train,Paraguay,512,512,240076,2229,0.9284559889368367
Paraguay_191503,Paraguay_191503_S1Hand.tif,Paraguay_191503_LabelHand.tif,/Users/archiewilliamhulse/Desktop/Msc Data Science/Final Project/DSM500 Final Project/Data/Sen1Floods11_raw/v1.1/data/flood_events/HandLabeled/S1Hand/Paraguay_191503_S1Hand.tif,/Users/archiewilliamhulse/Desktop/Msc Data Science/Final Project/DSM500 Final Project/Data/Sen1Floods11_raw/v1.1/data/flood_events/HandLabeled/LabelHand/Paraguay_191503_LabelHand.tif,train,Paraguay,512,512,262144,90,0.034332275390625
Paraguay_1076204,Paraguay_1076204_S1Hand.tif,Paraguay_1076204_LabelHand.tif,/Users/archiewilliamhulse/Desktop/Msc Data Science/Final Project/DSM500 Final Project/Data/Sen1Floods11_raw/v1.1/data/flood_events/HandLabeled/S1Hand/Paraguay_1076204_S1Hand.tif,/Users/archiewilliamhulse/Desktop/Msc Data Science/Final Project/DSM500 Final Project/Data/Sen1Floods11_raw/v1.1/data/flood_events/HandLabeled/LabelHand/Paraguay_1076204_LabelHand.tif,train,Paraguay,512,512,262144,3029,1.1554718017578125
Paraguay_198534,Paraguay_198534_S1Hand.tif,Paraguay_198534_LabelHand.tif,/Users/archiewilliamhulse/Desktop/Msc Data Science/Final Project/DSM500 Final Project/Data/Sen1Floods11_raw/v1.1/data/flood_events/HandLabeled/S1Hand/Paraguay_198534_S1Hand.tif,/Users/archiewilliamhulse/Desktop/Msc Data Science/Final Project/DSM500 Final Project/Data/Sen1Floods11_raw/v1.1/data/flood_events/HandLabeled/LabelHand/Paraguay_198534_LabelHand.tif,train,Paraguay,512,512,195487,0,0.0
Paraguay_470303,Paraguay_470303_S1Hand.tif,Paraguay_470303_LabelHand.tif,/Users/archiewilliamhulse/Desktop/Msc Data Science/Final Project/DSM500 Final Project/Data/Sen1Floods11_raw/v1.1/data/flood_events/HandLabeled/S1Hand/Paraguay_470303_S1Hand.tif,/Users/archiewilliamhulse/Desktop/Msc Data Science/Final Project/DSM500 Final Project/Data/Sen1Floods11_raw/v1.1/data/flood_events/HandLabeled/LabelHand/Paraguay_470303_LabelHand.tif,train,Paraguay,512,512,262144,10446,3.984832763671875
Paraguay_822142,Paraguay_822142_S1Hand.tif,Paraguay_822142_LabelHand.tif,/Users/archiewilliamhulse/Desktop/Msc Data Science/Final Project/DSM500 Final Project/Data/Sen1Floods11_raw/v1.1/data/flood_events/HandLabeled/S1Hand/Paraguay_822142_S1Hand.tif,/Users/archiewilliamhulse/Desktop/Msc Data Science/Final Project/DSM500 Final Project/Data/Sen1Floods11_raw/v1.1/data/flood_events/HandLabeled/LabelHand/Paraguay_822142_LabelHand.tif,train,Paraguay,512,512,262144,80190,30.590057373046875
Paraguay_795075,Paraguay_795075_S1Hand.tif,Paraguay_795075_LabelHand.tif,/Users/archiewilliamhulse/Desktop/Msc Data Science/Final Project/DSM500 Final Project/Data/Sen1Floods11_raw/v1.1/data/flood_events/HandLabeled/S1Hand/Paraguay_795075_S1Hand.tif,/Users/archiewilliamhulse/Desktop/Msc Data Science/Final Project/DSM500 Final Project/Data/Sen1Floods11_raw/v1.1/data/flood_events/HandLabeled/LabelHand/Paraguay_795075_LabelHand.tif,train,Paraguay,512,512,262138,3421,1.305037804515179
Paraguay_339807,Paraguay_339807_S1Hand.tif,Paraguay_339807_LabelHand.tif,/Users/archiewilliamhulse/Desktop/Msc Data Science/Final Project/DSM500 Final Project/Data/Sen1Floods11_raw/v1.1/data/flood_events/HandLabeled/S1Hand/Paraguay_339807_S1Hand.tif,/Users/archiewilliamhulse/Desktop/Msc Data Science/Final Project/DSM500 Final Project/Data/Sen1Floods11_raw/v1.1/data/flood_events/HandLabeled/LabelHand/Paraguay_339807_LabelHand.tif,train,Paraguay,512,512,214619,58043,27.044669856816032
Paraguay_1056717,Paraguay_1056717_S1Hand.tif,Paraguay_1056717_LabelHand.tif,/Users/archiewilliamhulse/Desktop/Msc Data Science/Final Project/DSM500 Final Project/Data/Sen1Floods11_raw/v1.1/data/flood_events/HandLabeled/S1Hand/Paraguay_1056717_S1Hand.tif,/Users/archiewilliamhulse/Desktop/Msc Data Science/Final Project/DSM500 Final Project/Data/Sen1Floods11_raw/v1.1/data/flood_events/HandLabeled/LabelHand/Paraguay_1056717_LabelHand.tif,train,Paraguay,512,512,262144,5046,1.924896240234375
Paraguay_403081,Paraguay_403081_S1Hand.tif,Paraguay_403081_LabelHand.tif,/Users/archiewilliamhulse/Desktop/Msc Data Science/Final Project/DSM500 Final Project/Data/Sen1Floods11_raw/v1.1/data/flood_events/HandLabeled/S1Hand/Paraguay_403081_S1Hand.tif,/Users/archiewilliamhulse/Desktop/Msc Data Science/Final Project/DSM500 Final Project/Data/Sen1Floods11_raw/v1.1/data/flood_events/HandLabeled/LabelHand/Paraguay_403081_LabelHand.tif,train,Paraguay,512,512,249836,1202,0.481115611841368
Paraguay_149787,Paraguay_149787_S1Hand.tif,Paraguay_149787_LabelHand.tif,/Users/archiewilliamhulse/Desktop/Msc Data Science/Final Project/DSM500 Final Project/Data/Sen1Floods11_raw/v1.1/data/flood_events/HandLabeled/S1Hand/Paraguay_149787_S1Hand.tif,/Users/archiewilliamhulse/Desktop/Msc Data Science/Final Project/DSM500 Final Project/Data/Sen1Floods11_raw/v1.1/data/flood_events/HandLabeled/LabelHand/Paraguay_149787_LabelHand.tif,train,Paraguay,512,512,262144,40091,15.293502807617188
Paraguay_36146,Paraguay_36146_S1Hand.tif,Paraguay_36146_LabelHand.tif,/Users/archiewilliamhulse/Desktop/Msc Data Science/Final Project/DSM500 Final Project/Data/Sen1Floods11_raw/v1.1/data/flood_events/HandLabeled/S1Hand/Paraguay_36146_S1Hand.tif,/Users/archiewilliamhulse/Desktop/Msc Data Science/Final Project/DSM500 Final Project/Data/Sen1Floods11_raw/v1.1/data/flood_events/HandLabeled/LabelHand/Paraguay_36146_LabelHand.tif,train,Paraguay,512,512,262144,0,0.0
Paraguay_792268,Paraguay_792268_S1Hand.tif,Paraguay_792268_LabelHand.tif,/Users/archiewilliamhulse/Desktop/Msc Data Science/Final Project/DSM500 Final Project/Data/Sen1Floods11_raw/v1.1/data/flood_events/HandLabeled/S1Hand/Paraguay_792268_S1Hand.tif,/Users/archiewilliamhulse/Desktop/Msc Data Science/Final Project/DSM500 Final Project/Data/Sen1Floods11_raw/v1.1/data/flood_events/HandLabeled/LabelHand/Paraguay_792268_LabelHand.tif,train,Paraguay,512,512,262120,1346,0.5135052647642301
Paraguay_482517,Paraguay_482517_S1Hand.tif,Paraguay_482517_LabelHand.tif,/Users/archiewilliamhulse/Desktop/Msc Data Science/Final Project/DSM500 Final Project/Data/Sen1Floods11_raw/v1.1/data/flood_events/HandLabeled/S1Hand/Paraguay_482517_S1Hand.tif,/Users/archiewilliamhulse/Desktop/Msc Data Science/Final Project/DSM500 Final Project/Data/Sen1Floods11_raw/v1.1/data/flood_events/HandLabeled/LabelHand/Paraguay_482517_LabelHand.tif,train,Paraguay,512,512,259600,47452,18.2788906009245
Paraguay_212687,Paraguay_212687_S1Hand.tif,Paraguay_212687_LabelHand.tif,/Users/archiewilliamhulse/Desktop/Msc Data Science/Final Project/DSM500 Final Project/Data/Sen1Floods11_raw/v1.1/data/flood_events/HandLabeled/S1Hand/Paraguay_212687_S1Hand.tif,/Users/archiewilliamhulse/Desktop/Msc Data Science/Final Project/DSM500 Final Project/Data/Sen1Floods11_raw/v1.1/data/flood_events/HandLabeled/LabelHand/Paraguay_212687_LabelHand.tif,train,Paraguay,512,512,262144,15308,5.83953857421875
Paraguay_791364,Paraguay_791364_S1Hand.tif,Paraguay_791364_LabelHand.tif,/Users/archiewilliamhulse/Desktop/Msc Data Science/Final Project/DSM500 Final Project/Data/Sen1Floods11_raw/v1.1/data/flood_events/HandLabeled/S1Hand/Paraguay_791364_S1Hand.tif,/Users/archiewilliamhulse/Desktop/Msc Data Science/Final Project/DSM500 Final Project/Data/Sen1Floods11_raw/v1.1/data/flood_events/HandLabeled/LabelHand/Paraguay_791364_LabelHand.tif,train,Paraguay,512,512,261735,1206,0.46077139091065394
Paraguay_224845,Paraguay_224845_S1Hand.tif,Paraguay_224845_LabelHand.tif,/Users/archiewilliamhulse/Desktop/Msc Data Science/Final Project/DSM500 Final Project/Data/Sen1Floods11_raw/v1.1/data/flood_events/HandLabeled/S1Hand/Paraguay_224845_S1Hand.tif,/Users/archiewilliamhulse/Desktop/Msc Data Science/Final Project/DSM500 Final Project/Data/Sen1Floods11_raw/v1.1/data/flood_events/HandLabeled/LabelHand/Paraguay_224845_LabelHand.tif,train,Paraguay,512,512,103920,0,0.0
Paraguay_149830,Paraguay_149830_S1Hand.tif,Paraguay_149830_LabelHand.tif,/Users/archiewilliamhulse/Desktop/Msc Data Science/Final Project/DSM500 Final Project/Data/Sen1Floods11_raw/v1.1/data/flood_events/HandLabeled/S1Hand/Paraguay_149830_S1Hand.tif,/Users/archiewilliamhulse/Desktop/Msc Data Science/Final Project/DSM500 Final Project/Data/Sen1Floods11_raw/v1.1/data/flood_events/HandLabeled/LabelHand/Paraguay_149830_LabelHand.tif,train,Paraguay,512,512,260440,1907,0.7322223928735985
Paraguay_48673,Paraguay_48673_S1Hand.tif,Paraguay_48673_LabelHand.tif,/Users/archiewilliamhulse/Desktop/Msc Data Science/Final Project/DSM500 Final Project/Data/Sen1Floods11_raw/v1.1/data/flood_events/HandLabeled/S1Hand/Paraguay_48673_S1Hand.tif,/Users/archiewilliamhulse/Desktop/Msc Data Science/Final Project/DSM500 Final Project/Data/Sen1Floods11_raw/v1.1/data/flood_events/HandLabeled/LabelHand/Paraguay_48673_LabelHand.tif,train,Paraguay,512,512,262144,133,0.0507354736328125
Paraguay_44682,Paraguay_44682_S1Hand.tif,Paraguay_44682_LabelHand.tif,/Users/archiewilliamhulse/Desktop/Msc Data Science/Final Project/DSM500 Final Project/Data/Sen1Floods11_raw/v1.1/data/flood_events/HandLabeled/S1Hand/Paraguay_44682_S1Hand.tif,/Users/archiewilliamhulse/Desktop/Msc Data Science/Final Project/DSM500 Final Project/Data/Sen1Floods11_raw/v1.1/data/flood_events/HandLabeled/LabelHand/Paraguay_44682_LabelHand.tif,train,Paraguay,512,512,262144,1309,0.4993438720703125
Paraguay_989230,Paraguay_989230_S1Hand.tif,Paraguay_989230_LabelHand.tif,/Users/archiewilliamhulse/Desktop/Msc Data Science/Final Project/DSM500 Final Project/Data/Sen1Floods11_raw/v1.1/data/flood_events/HandLabeled/S1Hand/Paraguay_989230_S1Hand.tif,/Users/archiewilliamhulse/Desktop/Msc Data Science/Final Project/DSM500 Final Project/Data/Sen1Floods11_raw/v1.1/data/flood_events/HandLabeled/LabelHand/Paraguay_989230_LabelHand.tif,train,Paraguay,512,512,219924,36591,16.63802040704971
Paraguay_225187,Paraguay_225187_S1Hand.tif,Paraguay_225187_LabelHand.tif,/Users/archiewilliamhulse/Desktop/Msc Data Science/Final Project/DSM500 Final Project/Data/Sen1Floods11_raw/v1.1/data/flood_events/HandLabeled/S1Hand/Paraguay_225187_S1Hand.tif,/Users/archiewilliamhulse/Desktop/Msc Data Science/Final Project/DSM500 Final Project/Data/Sen1Floods11_raw/v1.1/data/flood_events/HandLabeled/LabelHand/Paraguay_225187_LabelHand.tif,train,Paraguay,512,512,262144,47,0.0179290771484375
Somalia_989553,Somalia_989553_S1Hand.tif,Somalia_989553_LabelHand.tif,/Users/archiewilliamhulse/Desktop/Msc Data Science/Final Project/DSM500 Final Project/Data/Sen1Floods11_raw/v1.1/data/flood_events/HandLabeled/S1Hand/Somalia_989553_S1Hand.tif,/Users/archiewilliamhulse/Desktop/Msc Data Science/Final Project/DSM500 Final Project/Data/Sen1Floods11_raw/v1.1/data/flood_events/HandLabeled/LabelHand/Somalia_989553_LabelHand.tif,train,Somalia,512,512,110303,2307,2.091511563602078
Somalia_93023,Somalia_93023_S1Hand.tif,Somalia_93023_LabelHand.tif,/Users/archiewilliamhulse/Desktop/Msc Data Science/Final Project/DSM500 Final Project/Data/Sen1Floods11_raw/v1.1/data/flood_events/HandLabeled/S1Hand/Somalia_93023_S1Hand.tif,/Users/archiewilliamhulse/Desktop/Msc Data Science/Final Project/DSM500 Final Project/Data/Sen1Floods11_raw/v1.1/data/flood_events/HandLabeled/LabelHand/Somalia_93023_LabelHand.tif,train,Somalia,512,512,187825,0,0.0
Somalia_371421,Somalia_371421_S1Hand.tif,Somalia_371421_LabelHand.tif,/Users/archiewilliamhulse/Desktop/Msc Data Science/Final Project/DSM500 Final Project/Data/Sen1Floods11_raw/v1.1/data/flood_events/HandLabeled/S1Hand/Somalia_371421_S1Hand.tif,/Users/archiewilliamhulse/Desktop/Msc Data Science/Final Project/DSM500 Final Project/Data/Sen1Floods11_raw/v1.1/data/flood_events/HandLabeled/LabelHand/Somalia_371421_LabelHand.tif,train,Somalia,512,512,230962,34678,15.014591144863656
Somalia_230192,Somalia_230192_S1Hand.tif,Somalia_230192_LabelHand.tif,/Users/archiewilliamhulse/Desktop/Msc Data Science/Final Project/DSM500 Final Project/Data/Sen1Floods11_raw/v1.1/data/flood_events/HandLabeled/S1Hand/Somalia_230192_S1Hand.tif,/Users/archiewilliamhulse/Desktop/Msc Data Science/Final Project/DSM500 Final Project/Data/Sen1Floods11_raw/v1.1/data/flood_events/HandLabeled/LabelHand/Somalia_230192_LabelHand.tif,train,Somalia,512,512,232522,58,0.02494387627837366
Somalia_886726,Somalia_886726_S1Hand.tif,Somalia_886726_LabelHand.tif,/Users/archiewilliamhulse/Desktop/Msc Data Science/Final Project/DSM500 Final Project/Data/Sen1Floods11_raw/v1.1/data/flood_events/HandLabeled/S1Hand/Somalia_886726_S1Hand.tif,/Users/archiewilliamhulse/Desktop/Msc Data Science/Final Project/DSM500 Final Project/Data/Sen1Floods11_raw/v1.1/data/flood_events/HandLabeled/LabelHand/Somalia_886726_LabelHand.tif,train,Somalia,512,512,262036,82995,31.673128883054236
Somalia_992457,Somalia_992457_S1Hand.tif,Somalia_992457_LabelHand.tif,/Users/archiewilliamhulse/Desktop/Msc Data Science/Final Project/DSM500 Final Project/Data/Sen1Floods11_raw/v1.1/data/flood_events/HandLabeled/S1Hand/Somalia_992457_S1Hand.tif,/Users/archiewilliamhulse/Desktop/Msc Data Science/Final Project/DSM500 Final Project/Data/Sen1Floods11_raw/v1.1/data/flood_events/HandLabeled/LabelHand/Somalia_992457_LabelHand.tif,train,Somalia,512,512,181140,7852,4.334768687203268
Somalia_7931,Somalia_7931_S1Hand.tif,Somalia_7931_LabelHand.tif,/Users/archiewilliamhulse/Desktop/Msc Data Science/Final Project/DSM500 Final Project/Data/Sen1Floods11_raw/v1.1/data/flood_events/HandLabeled/S1Hand/Somalia_7931_S1Hand.tif,/Users/archiewilliamhulse/Desktop/Msc Data Science/Final Project/DSM500 Final Project/Data/Sen1Floods11_raw/v1.1/data/flood_events/HandLabeled/LabelHand/Somalia_7931_LabelHand.tif,train,Somalia,512,512,201972,0,0.0
Somalia_195014,Somalia_195014_S1Hand.tif,Somalia_195014_LabelHand.tif,/Users/archiewilliamhulse/Desktop/Msc Data Science/Final Project/DSM500 Final Project/Data/Sen1Floods11_raw/v1.1/data/flood_events/HandLabeled/S1Hand/Somalia_195014_S1Hand.tif,/Users/archiewilliamhulse/Desktop/Msc Data Science/Final Project/DSM500 Final Project/Data/Sen1Floods11_raw/v1.1/data/flood_events/HandLabeled/LabelHand/Somalia_195014_LabelHand.tif,train,Somalia,512,512,233650,0,0.0
Somalia_32375,Somalia_32375_S1Hand.tif,Somalia_32375_LabelHand.tif,/Users/archiewilliamhulse/Desktop/Msc Data Science/Final Project/DSM500 Final Project/Data/Sen1Floods11_raw/v1.1/data/flood_events/HandLabeled/S1Hand/Somalia_32375_S1Hand.tif,/Users/archiewilliamhulse/Desktop/Msc Data Science/Final Project/DSM500 Final Project/Data/Sen1Floods11_raw/v1.1/data/flood_events/HandLabeled/LabelHand/Somalia_32375_LabelHand.tif,train,Somalia,512,512,134096,1,0.000745734399236368
Somalia_1087508,Somalia_1087508_S1Hand.tif,Somalia_1087508_LabelHand.tif,/Users/archiewilliamhulse/Desktop/Msc Data Science/Final Project/DSM500 Final Project/Data/Sen1Floods11_raw/v1.1/data/flood_events/HandLabeled/S1Hand/Somalia_1087508_S1Hand.tif,/Users/archiewilliamhulse/Desktop/Msc Data Science/Final Project/DSM500 Final Project/Data/Sen1Floods11_raw/v1.1/data/flood_events/HandLabeled/LabelHand/Somalia_1087508_LabelHand.tif,train,Somalia,512,512,212943,10021,4.705954175530541
Somalia_295782,Somalia_295782_S1Hand.tif,Somalia_295782_LabelHand.tif,/Users/archiewilliamhulse/Desktop/Msc Data Science/Final Project/DSM500 Final Project/Data/Sen1Floods11_raw/v1.1/data/flood_events/HandLabeled/S1Hand/Somalia_295782_S1Hand.tif,/Users/archiewilliamhulse/Desktop/Msc Data Science/Final Project/DSM500 Final Project/Data/Sen1Floods11_raw/v1.1/data/flood_events/HandLabeled/LabelHand/Somalia_295782_LabelHand.tif,train,Somalia,512,512,203048,16239,7.99761632717387
Somalia_970508,Somalia_970508_S1Hand.tif,Somalia_970508_LabelHand.tif,/Users/archiewilliamhulse/Desktop/Msc Data Science/Final Project/DSM500 Final Project/Data/Sen1Floods11_raw/v1.1/data/flood_events/HandLabeled/S1Hand/Somalia_970508_S1Hand.tif,/Users/archiewilliamhulse/Desktop/Msc Data Science/Final Project/DSM500 Final Project/Data/Sen1Floods11_raw/v1.1/data/flood_events/HandLabeled/LabelHand/Somalia_970508_LabelHand.tif,train,Somalia,512,512,217119,38112,17.55350752352397
Somalia_626316,Somalia_626316_S1Hand.tif,Somalia_626316_LabelHand.tif,/Users/archiewilliamhulse/Desktop/Msc Data Science/Final Project/DSM500 Final Project/Data/Sen1Floods11_raw/v1.1/data/flood_events/HandLabeled/S1Hand/Somalia_626316_S1Hand.tif,/Users/archiewilliamhulse/Desktop/Msc Data Science/Final Project/DSM500 Final Project/Data/Sen1Floods11_raw/v1.1/data/flood_events/HandLabeled/LabelHand/Somalia_626316_LabelHand.tif,train,Somalia,512,512,169085,21727,12.849750125676435
Somalia_1068756,Somalia_1068756_S1Hand.tif,Somalia_1068756_LabelHand.tif,/Users/archiewilliamhulse/Desktop/Msc Data Science/Final Project/DSM500 Final Project/Data/Sen1Floods11_raw/v1.1/data/flood_events/HandLabeled/S1Hand/Somalia_1068756_S1Hand.tif,/Users/archiewilliamhulse/Desktop/Msc Data Science/Final Project/DSM500 Final Project/Data/Sen1Floods11_raw/v1.1/data/flood_events/HandLabeled/LabelHand/Somalia_1068756_LabelHand.tif,train,Somalia,512,512,171973,6495,3.776755653503747
Somalia_205466,Somalia_205466_S1Hand.tif,Somalia_205466_LabelHand.tif,/Users/archiewilliamhulse/Desktop/Msc Data Science/Final Project/DSM500 Final Project/Data/Sen1Floods11_raw/v1.1/data/flood_events/HandLabeled/S1Hand/Somalia_205466_S1Hand.tif,/Users/archiewilliamhulse/Desktop/Msc Data Science/Final Project/DSM500 Final Project/Data/Sen1Floods11_raw/v1.1/data/flood_events/HandLabeled/LabelHand/Somalia_205466_LabelHand.tif,train,Somalia,512,512,240083,93,0.03873660359125802
Spain_5923267,Spain_5923267_S1Hand.tif,Spain_5923267_LabelHand.tif,/Users/archiewilliamhulse/Desktop/Msc Data Science/Final Project/DSM500 Final Project/Data/Sen1Floods11_raw/v1.1/data/flood_events/HandLabeled/S1Hand/Spain_5923267_S1Hand.tif,/Users/archiewilliamhulse/Desktop/Msc Data Science/Final Project/DSM500 Final Project/Data/Sen1Floods11_raw/v1.1/data/flood_events/HandLabeled/LabelHand/Spain_5923267_LabelHand.tif,train,Spain,512,512,218743,201713,92.21460801031347
Spain_7786924,Spain_7786924_S1Hand.tif,Spain_7786924_LabelHand.tif,/Users/archiewilliamhulse/Desktop/Msc Data Science/Final Project/DSM500 Final Project/Data/Sen1Floods11_raw/v1.1/data/flood_events/HandLabeled/S1Hand/Spain_7786924_S1Hand.tif,/Users/archiewilliamhulse/Desktop/Msc Data Science/Final Project/DSM500 Final Project/Data/Sen1Floods11_raw/v1.1/data/flood_events/HandLabeled/LabelHand/Spain_7786924_LabelHand.tif,train,Spain,512,512,262111,3768,1.4375588968032629
Spain_7856615,Spain_7856615_S1Hand.tif,Spain_7856615_LabelHand.tif,/Users/archiewilliamhulse/Desktop/Msc Data Science/Final Project/DSM500 Final Project/Data/Sen1Floods11_raw/v1.1/data/flood_events/HandLabeled/S1Hand/Spain_7856615_S1Hand.tif,/Users/archiewilliamhulse/Desktop/Msc Data Science/Final Project/DSM500 Final Project/Data/Sen1Floods11_raw/v1.1/data/flood_events/HandLabeled/LabelHand/Spain_7856615_LabelHand.tif,train,Spain,512,512,261930,9637,3.6792272744626424
Spain_4915752,Spain_4915752_S1Hand.tif,Spain_4915752_LabelHand.tif,/Users/archiewilliamhulse/Desktop/Msc Data Science/Final Project/DSM500 Final Project/Data/Sen1Floods11_raw/v1.1/data/flood_events/HandLabeled/S1Hand/Spain_4915752_S1Hand.tif,/Users/archiewilliamhulse/Desktop/Msc Data Science/Final Project/DSM500 Final Project/Data/Sen1Floods11_raw/v1.1/data/flood_events/HandLabeled/LabelHand/Spain_4915752_LabelHand.tif,train,Spain,512,512,262128,7664,2.92376243667216
Spain_2472849,Spain_2472849_S1Hand.tif,Spain_2472849_LabelHand.tif,/Users/archiewilliamhulse/Desktop/Msc Data Science/Final Project/DSM500 Final Project/Data/Sen1Floods11_raw/v1.1/data/flood_events/HandLabeled/S1Hand/Spain_2472849_S1Hand.tif,/Users/archiewilliamhulse/Desktop/Msc Data Science/Final Project/DSM500 Final Project/Data/Sen1Floods11_raw/v1.1/data/flood_events/HandLabeled/LabelHand/Spain_2472849_LabelHand.tif,train,Spain,512,512,261759,20,0.007640615986460829
Spain_8104659,Spain_8104659_S1Hand.tif,Spain_8104659_LabelHand.tif,/Users/archiewilliamhulse/Desktop/Msc Data Science/Final Project/DSM500 Final Project/Data/Sen1Floods11_raw/v1.1/data/flood_events/HandLabeled/S1Hand/Spain_8104659_S1Hand.tif,/Users/archiewilliamhulse/Desktop/Msc Data Science/Final Project/DSM500 Final Project/Data/Sen1Floods11_raw/v1.1/data/flood_events/HandLabeled/LabelHand/Spain_8104659_LabelHand.tif,train,Spain,512,512,262128,3484,1.329121650491363
Spain_5816638,Spain_5816638_S1Hand.tif,Spain_5816638_LabelHand.tif,/Users/archiewilliamhulse/Desktop/Msc Data Science/Final Project/DSM500 Final Project/Data/Sen1Floods11_raw/v1.1/data/flood_events/HandLabeled/S1Hand/Spain_5816638_S1Hand.tif,/Users/archiewilliamhulse/Desktop/Msc Data Science/Final Project/DSM500 Final Project/Data/Sen1Floods11_raw/v1.1/data/flood_events/HandLabeled/LabelHand/Spain_5816638_LabelHand.tif,train,Spain,512,512,262052,379,0.1446277837986354
Spain_2523247,Spain_2523247_S1Hand.tif,Spain_2523247_LabelHand.tif,/Users/archiewilliamhulse/Desktop/Msc Data Science/Final Project/DSM500 Final Project/Data/Sen1Floods11_raw/v1.1/data/flood_events/HandLabeled/S1Hand/Spain_2523247_S1Hand.tif,/Users/archiewilliamhulse/Desktop/Msc Data Science/Final Project/DSM500 Final Project/Data/Sen1Floods11_raw/v1.1/data/flood_events/HandLabeled/LabelHand/Spain_2523247_LabelHand.tif,train,Spain,512,512,262039,2429,0.9269612538591585
Spain_6199994,Spain_6199994_S1Hand.tif,Spain_6199994_LabelHand.tif,/Users/archiewilliamhulse/Desktop/Msc Data Science/Final Project/DSM500 Final Project/Data/Sen1Floods11_raw/v1.1/data/flood_events/HandLabeled/S1Hand/Spain_6199994_S1Hand.tif,/Users/archiewilliamhulse/Desktop/Msc Data Science/Final Project/DSM500 Final Project/Data/Sen1Floods11_raw/v1.1/data/flood_events/HandLabeled/LabelHand/Spain_6199994_LabelHand.tif,train,Spain,512,512,261902,783,0.29896678910432145
Spain_8154154,Spain_8154154_S1Hand.tif,Spain_8154154_LabelHand.tif,/Users/archiewilliamhulse/Desktop/Msc Data Science/Final Project/DSM500 Final Project/Data/Sen1Floods11_raw/v1.1/data/flood_events/HandLabeled/S1Hand/Spain_8154154_S1Hand.tif,/Users/archiewilliamhulse/Desktop/Msc Data Science/Final Project/DSM500 Final Project/Data/Sen1Floods11_raw/v1.1/data/flood_events/HandLabeled/LabelHand/Spain_8154154_LabelHand.tif,train,Spain,512,512,262118,4582,1.7480676641817807
Spain_1167260,Spain_1167260_S1Hand.tif,Spain_1167260_LabelHand.tif,/Users/archiewilliamhulse/Desktop/Msc Data Science/Final Project/DSM500 Final Project/Data/Sen1Floods11_raw/v1.1/data/flood_events/HandLabeled/S1Hand/Spain_1167260_S1Hand.tif,/Users/archiewilliamhulse/Desktop/Msc Data Science/Final Project/DSM500 Final Project/Data/Sen1Floods11_raw/v1.1/data/flood_events/HandLabeled/LabelHand/Spain_1167260_LabelHand.tif,train,Spain,512,512,262119,42519,16.22125828345141
Spain_2938657,Spain_2938657_S1Hand.tif,Spain_2938657_LabelHand.tif,/Users/archiewilliamhulse/Desktop/Msc Data Science/Final Project/DSM500 Final Project/Data/Sen1Floods11_raw/v1.1/data/flood_events/HandLabeled/S1Hand/Spain_2938657_S1Hand.tif,/Users/archiewilliamhulse/Desktop/Msc Data Science/Final Project/DSM500 Final Project/Data/Sen1Floods11_raw/v1.1/data/flood_events/HandLabeled/LabelHand/Spain_2938657_LabelHand.tif,train,Spain,512,512,262074,9772,3.7287178430519625
Spain_5678382,Spain_5678382_S1Hand.tif,Spain_5678382_LabelHand.tif,/Users/archiewilliamhulse/Desktop/Msc Data Science/Final Project/DSM500 Final Project/Data/Sen1Floods11_raw/v1.1/data/flood_events/HandLabeled/S1Hand/Spain_5678382_S1Hand.tif,/Users/archiewilliamhulse/Desktop/Msc Data Science/Final Project/DSM500 Final Project/Data/Sen1Floods11_raw/v1.1/data/flood_events/HandLabeled/LabelHand/Spain_5678382_LabelHand.tif,train,Spain,512,512,262117,3570,1.361987204187443
Spain_716716,Spain_716716_S1Hand.tif,Spain_716716_LabelHand.tif,/Users/archiewilliamhulse/Desktop/Msc Data Science/Final Project/DSM500 Final Project/Data/Sen1Floods11_raw/v1.1/data/flood_events/HandLabeled/S1Hand/Spain_716716_S1Hand.tif,/Users/archiewilliamhulse/Desktop/Msc Data Science/Final Project/DSM500 Final Project/Data/Sen1Floods11_raw/v1.1/data/flood_events/HandLabeled/LabelHand/Spain_716716_LabelHand.tif,train,Spain,512,512,262067,2644,1.0089023036093823
Spain_3285448,Spain_3285448_S1Hand.tif,Spain_3285448_LabelHand.tif,/Users/archiewilliamhulse/Desktop/Msc Data Science/Final Project/DSM500 Final Project/Data/Sen1Floods11_raw/v1.1/data/flood_events/HandLabeled/S1Hand/Spain_3285448_S1Hand.tif,/Users/archiewilliamhulse/Desktop/Msc Data Science/Final Project/DSM500 Final Project/Data/Sen1Floods11_raw/v1.1/data/flood_events/HandLabeled/LabelHand/Spain_3285448_LabelHand.tif,train,Spain,512,512,262136,56389,21.51135288552507
Spain_8199661,Spain_8199661_S1Hand.tif,Spain_8199661_LabelHand.tif,/Users/archiewilliamhulse/Desktop/Msc Data Science/Final Project/DSM500 Final Project/Data/Sen1Floods11_raw/v1.1/data/flood_events/HandLabeled/S1Hand/Spain_8199661_S1Hand.tif,/Users/archiewilliamhulse/Desktop/Msc Data Science/Final Project/DSM500 Final Project/Data/Sen1Floods11_raw/v1.1/data/flood_events/HandLabeled/LabelHand/Spain_8199661_LabelHand.tif,train,Spain,512,512,262036,8182,3.1224717214428552
Spain_337094,Spain_337094_S1Hand.tif,Spain_337094_LabelHand.tif,/Users/archiewilliamhulse/Desktop/Msc Data Science/Final Project/DSM500 Final Project/Data/Sen1Floods11_raw/v1.1/data/flood_events/HandLabeled/S1Hand/Spain_337094_S1Hand.tif,/Users/archiewilliamhulse/Desktop/Msc Data Science/Final Project/DSM500 Final Project/Data/Sen1Floods11_raw/v1.1/data/flood_events/HandLabeled/LabelHand/Spain_337094_LabelHand.tif,train,Spain,512,512,262056,26075,9.950163323869706
Spain_2594119,Spain_2594119_S1Hand.tif,Spain_2594119_LabelHand.tif,/Users/archiewilliamhulse/Desktop/Msc Data Science/Final Project/DSM500 Final Project/Data/Sen1Floods11_raw/v1.1/data/flood_events/HandLabeled/S1Hand/Spain_2594119_S1Hand.tif,/Users/archiewilliamhulse/Desktop/Msc Data Science/Final Project/DSM500 Final Project/Data/Sen1Floods11_raw/v1.1/data/flood_events/HandLabeled/LabelHand/Spain_2594119_LabelHand.tif,train,Spain,512,512,262009,2877,1.0980538836452183
Sri-Lanka_152185,Sri-Lanka_152185_S1Hand.tif,Sri-Lanka_152185_LabelHand.tif,/Users/archiewilliamhulse/Desktop/Msc Data Science/Final Project/DSM500 Final Project/Data/Sen1Floods11_raw/v1.1/data/flood_events/HandLabeled/S1Hand/Sri-Lanka_152185_S1Hand.tif,/Users/archiewilliamhulse/Desktop/Msc Data Science/Final Project/DSM500 Final Project/Data/Sen1Floods11_raw/v1.1/data/flood_events/HandLabeled/LabelHand/Sri-Lanka_152185_LabelHand.tif,train,Sri-Lanka,512,512,262144,2198,0.838470458984375
Sri-Lanka_55568,Sri-Lanka_55568_S1Hand.tif,Sri-Lanka_55568_LabelHand.tif,/Users/archiewilliamhulse/Desktop/Msc Data Science/Final Project/DSM500 Final Project/Data/Sen1Floods11_raw/v1.1/data/flood_events/HandLabeled/S1Hand/Sri-Lanka_55568_S1Hand.tif,/Users/archiewilliamhulse/Desktop/Msc Data Science/Final Project/DSM500 Final Project/Data/Sen1Floods11_raw/v1.1/data/flood_events/HandLabeled/LabelHand/Sri-Lanka_55568_LabelHand.tif,train,Sri-Lanka,512,512,212858,15268,7.172857022052261
Sri-Lanka_92824,Sri-Lanka_92824_S1Hand.tif,Sri-Lanka_92824_LabelHand.tif,/Users/archiewilliamhulse/Desktop/Msc Data Science/Final Project/DSM500 Final Project/Data/Sen1Floods11_raw/v1.1/data/flood_events/HandLabeled/S1Hand/Sri-Lanka_92824_S1Hand.tif,/Users/archiewilliamhulse/Desktop/Msc Data Science/Final Project/DSM500 Final Project/Data/Sen1Floods11_raw/v1.1/data/flood_events/HandLabeled/LabelHand/Sri-Lanka_92824_LabelHand.tif,train,Sri-Lanka,512,512,246506,55390,22.47004129716924
Sri-Lanka_847275,Sri-Lanka_847275_S1Hand.tif,Sri-Lanka_847275_LabelHand.tif,/Users/archiewilliamhulse/Desktop/Msc Data Science/Final Project/DSM500 Final Project/Data/Sen1Floods11_raw/v1.1/data/flood_events/HandLabeled/S1Hand/Sri-Lanka_847275_S1Hand.tif,/Users/archiewilliamhulse/Desktop/Msc Data Science/Final Project/DSM500 Final Project/Data/Sen1Floods11_raw/v1.1/data/flood_events/HandLabeled/LabelHand/Sri-Lanka_847275_LabelHand.tif,train,Sri-Lanka,512,512,231361,50464,21.8118006059794
Sri-Lanka_845821,Sri-Lanka_845821_S1Hand.tif,Sri-Lanka_845821_LabelHand.tif,/Users/archiewilliamhulse/Desktop/Msc Data Science/Final Project/DSM500 Final Project/Data/Sen1Floods11_raw/v1.1/data/flood_events/HandLabeled/S1Hand/Sri-Lanka_845821_S1Hand.tif,/Users/archiewilliamhulse/Desktop/Msc Data Science/Final Project/DSM500 Final Project/Data/Sen1Floods11_raw/v1.1/data/flood_events/HandLabeled/LabelHand/Sri-Lanka_845821_LabelHand.tif,train,Sri-Lanka,512,512,240758,234546,97.41981574859402
Sri-Lanka_14484,Sri-Lanka_14484_S1Hand.tif,Sri-Lanka_14484_LabelHand.tif,/Users/archiewilliamhulse/Desktop/Msc Data Science/Final Project/DSM500 Final Project/Data/Sen1Floods11_raw/v1.1/data/flood_events/HandLabeled/S1Hand/Sri-Lanka_14484_S1Hand.tif,/Users/archiewilliamhulse/Desktop/Msc Data Science/Final Project/DSM500 Final Project/Data/Sen1Floods11_raw/v1.1/data/flood_events/HandLabeled/LabelHand/Sri-Lanka_14484_LabelHand.tif,train,Sri-Lanka,512,512,232015,38866,16.75150313557313
Sri-Lanka_1038087,Sri-Lanka_1038087_S1Hand.tif,Sri-Lanka_1038087_LabelHand.tif,/Users/archiewilliamhulse/Desktop/Msc Data Science/Final Project/DSM500 Final Project/Data/Sen1Floods11_raw/v1.1/data/flood_events/HandLabeled/S1Hand/Sri-Lanka_1038087_S1Hand.tif,/Users/archiewilliamhulse/Desktop/Msc Data Science/Final Project/DSM500 Final Project/Data/Sen1Floods11_raw/v1.1/data/flood_events/HandLabeled/LabelHand/Sri-Lanka_1038087_LabelHand.tif,train,Sri-Lanka,512,512,262143,18112,6.909206044029403
Sri-Lanka_178753,Sri-Lanka_178753_S1Hand.tif,Sri-Lanka_178753_LabelHand.tif,/Users/archiewilliamhulse/Desktop/Msc Data Science/Final Project/DSM500 Final Project/Data/Sen1Floods11_raw/v1.1/data/flood_events/HandLabeled/S1Hand/Sri-Lanka_178753_S1Hand.tif,/Users/archiewilliamhulse/Desktop/Msc Data Science/Final Project/DSM500 Final Project/Data/Sen1Floods11_raw/v1.1/data/flood_events/HandLabeled/LabelHand/Sri-Lanka_178753_LabelHand.tif,train,Sri-Lanka,512,512,253873,645,0.2540640398939627
Sri-Lanka_163406,Sri-Lanka_163406_S1Hand.tif,Sri-Lanka_163406_LabelHand.tif,/Users/archiewilliamhulse/Desktop/Msc Data Science/Final Project/DSM500 Final Project/Data/Sen1Floods11_raw/v1.1/data/flood_events/HandLabeled/S1Hand/Sri-Lanka_163406_S1Hand.tif,/Users/archiewilliamhulse/Desktop/Msc Data Science/Final Project/DSM500 Final Project/Data/Sen1Floods11_raw/v1.1/data/flood_events/HandLabeled/LabelHand/Sri-Lanka_163406_LabelHand.tif,train,Sri-Lanka,512,512,262144,5070,1.934051513671875
Sri-Lanka_233609,Sri-Lanka_233609_S1Hand.tif,Sri-Lanka_233609_LabelHand.tif,/Users/archiewilliamhulse/Desktop/Msc Data Science/Final Project/DSM500 Final Project/Data/Sen1Floods11_raw/v1.1/data/flood_events/HandLabeled/S1Hand/Sri-Lanka_233609_S1Hand.tif,/Users/archiewilliamhulse/Desktop/Msc Data Science/Final Project/DSM500 Final Project/Data/Sen1Floods11_raw/v1.1/data/flood_events/HandLabeled/LabelHand/Sri-Lanka_233609_LabelHand.tif,train,Sri-Lanka,512,512,257120,6877,2.6746266334785314
Sri-Lanka_135713,Sri-Lanka_135713_S1Hand.tif,Sri-Lanka_135713_LabelHand.tif,/Users/archiewilliamhulse/Desktop/Msc Data Science/Final Project/DSM500 Final Project/Data/Sen1Floods11_raw/v1.1/data/flood_events/HandLabeled/S1Hand/Sri-Lanka_135713_S1Hand.tif,/Users/archiewilliamhulse/Desktop/Msc Data Science/Final Project/DSM500 Final Project/Data/Sen1Floods11_raw/v1.1/data/flood_events/HandLabeled/LabelHand/Sri-Lanka_135713_LabelHand.tif,train,Sri-Lanka,512,512,134330,0,0.0
Sri-Lanka_748447,Sri-Lanka_748447_S1Hand.tif,Sri-Lanka_748447_LabelHand.tif,/Users/archiewilliamhulse/Desktop/Msc Data Science/Final Project/DSM500 Final Project/Data/Sen1Floods11_raw/v1.1/data/flood_events/HandLabeled/S1Hand/Sri-Lanka_748447_S1Hand.tif,/Users/archiewilliamhulse/Desktop/Msc Data Science/Final Project/DSM500 Final Project/Data/Sen1Floods11_raw/v1.1/data/flood_events/HandLabeled/LabelHand/Sri-Lanka_748447_LabelHand.tif,train,Sri-Lanka,512,512,249187,1219,0.4891908486397765
Sri-Lanka_579082,Sri-Lanka_579082_S1Hand.tif,Sri-Lanka_579082_LabelHand.tif,/Users/archiewilliamhulse/Desktop/Msc Data Science/Final Project/DSM500 Final Project/Data/Sen1Floods11_raw/v1.1/data/flood_events/HandLabeled/S1Hand/Sri-Lanka_579082_S1Hand.tif,/Users/archiewilliamhulse/Desktop/Msc Data Science/Final Project/DSM500 Final Project/Data/Sen1Floods11_raw/v1.1/data/flood_events/HandLabeled/LabelHand/Sri-Lanka_579082_LabelHand.tif,train,Sri-Lanka,512,512,208263,14466,6.946024978032583
Sri-Lanka_916628,Sri-Lanka_916628_S1Hand.tif,Sri-Lanka_916628_LabelHand.tif,/Users/archiewilliamhulse/Desktop/Msc Data Science/Final Project/DSM500 Final Project/Data/Sen1Floods11_raw/v1.1/data/flood_events/HandLabeled/S1Hand/Sri-Lanka_916628_S1Hand.tif,/Users/archiewilliamhulse/Desktop/Msc Data Science/Final Project/DSM500 Final Project/Data/Sen1Floods11_raw/v1.1/data/flood_events/HandLabeled/LabelHand/Sri-Lanka_916628_LabelHand.tif,train,Sri-Lanka,512,512,259961,81524,31.360088628678916
Sri-Lanka_883641,Sri-Lanka_883641_S1Hand.tif,Sri-Lanka_883641_LabelHand.tif,/Users/archiewilliamhulse/Desktop/Msc Data Science/Final Project/DSM500 Final Project/Data/Sen1Floods11_raw/v1.1/data/flood_events/HandLabeled/S1Hand/Sri-Lanka_883641_S1Hand.tif,/Users/archiewilliamhulse/Desktop/Msc Data Science/Final Project/DSM500 Final Project/Data/Sen1Floods11_raw/v1.1/data/flood_events/HandLabeled/LabelHand/Sri-Lanka_883641_LabelHand.tif,train,Sri-Lanka,512,512,262144,13500,5.14984130859375
Sri-Lanka_52223,Sri-Lanka_52223_S1Hand.tif,Sri-Lanka_52223_LabelHand.tif,/Users/archiewilliamhulse/Desktop/Msc Data Science/Final Project/DSM500 Final Project/Data/Sen1Floods11_raw/v1.1/data/flood_events/HandLabeled/S1Hand/Sri-Lanka_52223_S1Hand.tif,/Users/archiewilliamhulse/Desktop/Msc Data Science/Final Project/DSM500 Final Project/Data/Sen1Floods11_raw/v1.1/data/flood_events/HandLabeled/LabelHand/Sri-Lanka_52223_LabelHand.tif,train,Sri-Lanka,512,512,262144,0,0.0
Sri-Lanka_400518,Sri-Lanka_400518_S1Hand.tif,Sri-Lanka_400518_LabelHand.tif,/Users/archiewilliamhulse/Desktop/Msc Data Science/Final Project/DSM500 Final Project/Data/Sen1Floods11_raw/v1.1/data/flood_events/HandLabeled/S1Hand/Sri-Lanka_400518_S1Hand.tif,/Users/archiewilliamhulse/Desktop/Msc Data Science/Final Project/DSM500 Final Project/Data/Sen1Floods11_raw/v1.1/data/flood_events/HandLabeled/LabelHand/Sri-Lanka_400518_LabelHand.tif,train,Sri-Lanka,512,512,262144,2380,0.90789794921875
Sri-Lanka_523539,Sri-Lanka_523539_S1Hand.tif,Sri-Lanka_523539_LabelHand.tif,/Users/archiewilliamhulse/Desktop/Msc Data Science/Final Project/DSM500 Final Project/Data/Sen1Floods11_raw/v1.1/data/flood_events/HandLabeled/S1Hand/Sri-Lanka_523539_S1Hand.tif,/Users/archiewilliamhulse/Desktop/Msc Data Science/Final Project/DSM500 Final Project/Data/Sen1Floods11_raw/v1.1/data/flood_events/HandLabeled/LabelHand/Sri-Lanka_523539_LabelHand.tif,train,Sri-Lanka,512,512,218481,24669,11.291142021503015
Sri-Lanka_49764,Sri-Lanka_49764_S1Hand.tif,Sri-Lanka_49764_LabelHand.tif,/Users/archiewilliamhulse/Desktop/Msc Data Science/Final Project/DSM500 Final Project/Data/Sen1Floods11_raw/v1.1/data/flood_events/HandLabeled/S1Hand/Sri-Lanka_49764_S1Hand.tif,/Users/archiewilliamhulse/Desktop/Msc Data Science/Final Project/DSM500 Final Project/Data/Sen1Floods11_raw/v1.1/data/flood_events/HandLabeled/LabelHand/Sri-Lanka_49764_LabelHand.tif,train,Sri-Lanka,512,512,243327,2486,1.021670427038512
Sri-Lanka_653336,Sri-Lanka_653336_S1Hand.tif,Sri-Lanka_653336_LabelHand.tif,/Users/archiewilliamhulse/Desktop/Msc Data Science/Final Project/DSM500 Final Project/Data/Sen1Floods11_raw/v1.1/data/flood_events/HandLabeled/S1Hand/Sri-Lanka_653336_S1Hand.tif,/Users/archiewilliamhulse/Desktop/Msc Data Science/Final Project/DSM500 Final Project/Data/Sen1Floods11_raw/v1.1/data/flood_events/HandLabeled/LabelHand/Sri-Lanka_653336_LabelHand.tif,train,Sri-Lanka,512,512,262141,17982,6.859667125707157
Sri-Lanka_956740,Sri-Lanka_956740_S1Hand.tif,Sri-Lanka_956740_LabelHand.tif,/Users/archiewilliamhulse/Desktop/Msc Data Science/Final Project/DSM500 Final Project/Data/Sen1Floods11_raw/v1.1/data/flood_events/HandLabeled/S1Hand/Sri-Lanka_956740_S1Hand.tif,/Users/archiewilliamhulse/Desktop/Msc Data Science/Final Project/DSM500 Final Project/Data/Sen1Floods11_raw/v1.1/data/flood_events/HandLabeled/LabelHand/Sri-Lanka_956740_LabelHand.tif,train,Sri-Lanka,512,512,202069,7918,3.918463495142748
Sri-Lanka_249079,Sri-Lanka_249079_S1Hand.tif,Sri-Lanka_249079_LabelHand.tif,/Users/archiewilliamhulse/Desktop/Msc Data Science/Final Project/DSM500 Final Project/Data/Sen1Floods11_raw/v1.1/data/flood_events/HandLabeled/S1Hand/Sri-Lanka_249079_S1Hand.tif,/Users/archiewilliamhulse/Desktop/Msc Data Science/Final Project/DSM500 Final Project/Data/Sen1Floods11_raw/v1.1/data/flood_events/HandLabeled/LabelHand/Sri-Lanka_249079_LabelHand.tif,train,Sri-Lanka,512,512,164775,11,0.006675769989379457
Sri-Lanka_120804,Sri-Lanka_120804_S1Hand.tif,Sri-Lanka_120804_LabelHand.tif,/Users/archiewilliamhulse/Desktop/Msc Data Science/Final Project/DSM500 Final Project/Data/Sen1Floods11_raw/v1.1/data/flood_events/HandLabeled/S1Hand/Sri-Lanka_120804_S1Hand.tif,/Users/archiewilliamhulse/Desktop/Msc Data Science/Final Project/DSM500 Final Project/Data/Sen1Floods11_raw/v1.1/data/flood_events/HandLabeled/LabelHand/Sri-Lanka_120804_LabelHand.tif,train,Sri-Lanka,512,512,262144,6958,2.654266357421875
Sri-Lanka_551926,Sri-Lanka_551926_S1Hand.tif,Sri-Lanka_551926_LabelHand.tif,/Users/archiewilliamhulse/Desktop/Msc Data Science/Final Project/DSM500 Final Project/Data/Sen1Floods11_raw/v1.1/data/flood_events/HandLabeled/S1Hand/Sri-Lanka_551926_S1Hand.tif,/Users/archiewilliamhulse/Desktop/Msc Data Science/Final Project/DSM500 Final Project/Data/Sen1Floods11_raw/v1.1/data/flood_events/HandLabeled/LabelHand/Sri-Lanka_551926_LabelHand.tif,train,Sri-Lanka,512,512,262144,19600,7.476806640625
USA_994009,USA_994009_S1Hand.tif,USA_994009_LabelHand.tif,/Users/archiewilliamhulse/Desktop/Msc Data Science/Final Project/DSM500 Final Project/Data/Sen1Floods11_raw/v1.1/data/flood_events/HandLabeled/S1Hand/USA_994009_S1Hand.tif,/Users/archiewilliamhulse/Desktop/Msc Data Science/Final Project/DSM500 Final Project/Data/Sen1Floods11_raw/v1.1/data/flood_events/HandLabeled/LabelHand/USA_994009_LabelHand.tif,train,USA,512,512,262018,1897,0.7239960613392973
USA_66026,USA_66026_S1Hand.tif,USA_66026_LabelHand.tif,/Users/archiewilliamhulse/Desktop/Msc Data Science/Final Project/DSM500 Final Project/Data/Sen1Floods11_raw/v1.1/data/flood_events/HandLabeled/S1Hand/USA_66026_S1Hand.tif,/Users/archiewilliamhulse/Desktop/Msc Data Science/Final Project/DSM500 Final Project/Data/Sen1Floods11_raw/v1.1/data/flood_events/HandLabeled/LabelHand/USA_66026_LabelHand.tif,train,USA,512,512,262141,987,0.37651492898859773
USA_11422,USA_11422_S1Hand.tif,USA_11422_LabelHand.tif,/Users/archiewilliamhulse/Desktop/Msc Data Science/Final Project/DSM500 Final Project/Data/Sen1Floods11_raw/v1.1/data/flood_events/HandLabeled/S1Hand/USA_11422_S1Hand.tif,/Users/archiewilliamhulse/Desktop/Msc Data Science/Final Project/DSM500 Final Project/Data/Sen1Floods11_raw/v1.1/data/flood_events/HandLabeled/LabelHand/USA_11422_LabelHand.tif,train,USA,512,512,262142,36020,13.740644383578365
USA_955053,USA_955053_S1Hand.tif,USA_955053_LabelHand.tif,/Users/archiewilliamhulse/Desktop/Msc Data Science/Final Project/DSM500 Final Project/Data/Sen1Floods11_raw/v1.1/data/flood_events/HandLabeled/S1Hand/USA_955053_S1Hand.tif,/Users/archiewilliamhulse/Desktop/Msc Data Science/Final Project/DSM500 Final Project/Data/Sen1Floods11_raw/v1.1/data/flood_events/HandLabeled/LabelHand/USA_955053_LabelHand.tif,train,USA,512,512,262140,35838,13.671320668345158
USA_114964,USA_114964_S1Hand.tif,USA_114964_LabelHand.tif,/Users/archiewilliamhulse/Desktop/Msc Data Science/Final Project/DSM500 Final Project/Data/Sen1Floods11_raw/v1.1/data/flood_events/HandLabeled/S1Hand/USA_114964_S1Hand.tif,/Users/archiewilliamhulse/Desktop/Msc Data Science/Final Project/DSM500 Final Project/Data/Sen1Floods11_raw/v1.1/data/flood_events/HandLabeled/LabelHand/USA_114964_LabelHand.tif,train,USA,512,512,262125,354,0.1350500715307582
USA_693819,USA_693819_S1Hand.tif,USA_693819_LabelHand.tif,/Users/archiewilliamhulse/Desktop/Msc Data Science/Final Project/DSM500 Final Project/Data/Sen1Floods11_raw/v1.1/data/flood_events/HandLabeled/S1Hand/USA_693819_S1Hand.tif,/Users/archiewilliamhulse/Desktop/Msc Data Science/Final Project/DSM500 Final Project/Data/Sen1Floods11_raw/v1.1/data/flood_events/HandLabeled/LabelHand/USA_693819_LabelHand.tif,train,USA,512,512,262104,2454,0.9362695723834814
USA_86502,USA_86502_S1Hand.tif,USA_86502_LabelHand.tif,/Users/archiewilliamhulse/Desktop/Msc Data Science/Final Project/DSM500 Final Project/Data/Sen1Floods11_raw/v1.1/data/flood_events/HandLabeled/S1Hand/USA_86502_S1Hand.tif,/Users/archiewilliamhulse/Desktop/Msc Data Science/Final Project/DSM500 Final Project/Data/Sen1Floods11_raw/v1.1/data/flood_events/HandLabeled/LabelHand/USA_86502_LabelHand.tif,train,USA,512,512,262132,66362,25.31625288022828
USA_438959,USA_438959_S1Hand.tif,USA_438959_LabelHand.tif,/Users/archiewilliamhulse/Desktop/Msc Data Science/Final Project/DSM500 Final Project/Data/Sen1Floods11_raw/v1.1/data/flood_events/HandLabeled/S1Hand/USA_438959_S1Hand.tif,/Users/archiewilliamhulse/Desktop/Msc Data Science/Final Project/DSM500 Final Project/Data/Sen1Floods11_raw/v1.1/data/flood_events/HandLabeled/LabelHand/USA_438959_LabelHand.tif,train,USA,512,512,259715,6481,2.4954276803419133
USA_181263,USA_181263_S1Hand.tif,USA_181263_LabelHand.tif,/Users/archiewilliamhulse/Desktop/Msc Data Science/Final Project/DSM500 Final Project/Data/Sen1Floods11_raw/v1.1/data/flood_events/HandLabeled/S1Hand/USA_181263_S1Hand.tif,/Users/archiewilliamhulse/Desktop/Msc Data Science/Final Project/DSM500 Final Project/Data/Sen1Floods11_raw/v1.1/data/flood_events/HandLabeled/LabelHand/USA_181263_LabelHand.tif,train,USA,512,512,208171,1065,0.5115986376584635
USA_605492,USA_605492_S1Hand.tif,USA_605492_LabelHand.tif,/Users/archiewilliamhulse/Desktop/Msc Data Science/Final Project/DSM500 Final Project/Data/Sen1Floods11_raw/v1.1/data/flood_events/HandLabeled/S1Hand/USA_605492_S1Hand.tif,/Users/archiewilliamhulse/Desktop/Msc Data Science/Final Project/DSM500 Final Project/Data/Sen1Floods11_raw/v1.1/data/flood_events/HandLabeled/LabelHand/USA_605492_LabelHand.tif,train,USA,512,512,262125,3031,1.1563185503099667
USA_115033,USA_115033_S1Hand.tif,USA_115033_LabelHand.tif,/Users/archiewilliamhulse/Desktop/Msc Data Science/Final Project/DSM500 Final Project/Data/Sen1Floods11_raw/v1.1/data/flood_events/HandLabeled/S1Hand/USA_115033_S1Hand.tif,/Users/archiewilliamhulse/Desktop/Msc Data Science/Final Project/DSM500 Final Project/Data/Sen1Floods11_raw/v1.1/data/flood_events/HandLabeled/LabelHand/USA_115033_LabelHand.tif,train,USA,512,512,262109,2359,0.9000072488926363
USA_375183,USA_375183_S1Hand.tif,USA_375183_LabelHand.tif,/Users/archiewilliamhulse/Desktop/Msc Data Science/Final Project/DSM500 Final Project/Data/Sen1Floods11_raw/v1.1/data/flood_events/HandLabeled/S1Hand/USA_375183_S1Hand.tif,/Users/archiewilliamhulse/Desktop/Msc Data Science/Final Project/DSM500 Final Project/Data/Sen1Floods11_raw/v1.1/data/flood_events/HandLabeled/LabelHand/USA_375183_LabelHand.tif,train,USA,512,512,262065,6518,2.4871692137446817
USA_347609,USA_347609_S1Hand.tif,USA_347609_LabelHand.tif,/Users/archiewilliamhulse/Desktop/Msc Data Science/Final Project/DSM500 Final Project/Data/Sen1Floods11_raw/v1.1/data/flood_events/HandLabeled/S1Hand/USA_347609_S1Hand.tif,/Users/archiewilliamhulse/Desktop/Msc Data Science/Final Project/DSM500 Final Project/Data/Sen1Floods11_raw/v1.1/data/flood_events/HandLabeled/LabelHand/USA_347609_LabelHand.tif,train,USA,512,512,204416,1642,0.8032639323731997
USA_908474,USA_908474_S1Hand.tif,USA_908474_LabelHand.tif,/Users/archiewilliamhulse/Desktop/Msc Data Science/Final Project/DSM500 Final Project/Data/Sen1Floods11_raw/v1.1/data/flood_events/HandLabeled/S1Hand/USA_908474_S1Hand.tif,/Users/archiewilliamhulse/Desktop/Msc Data Science/Final Project/DSM500 Final Project/Data/Sen1Floods11_raw/v1.1/data/flood_events/HandLabeled/LabelHand/USA_908474_LabelHand.tif,train,USA,512,512,262071,1846,0.704389268556994
USA_211406,USA_211406_S1Hand.tif,USA_211406_LabelHand.tif,/Users/archiewilliamhulse/Desktop/Msc Data Science/Final Project/DSM500 Final Project/Data/Sen1Floods11_raw/v1.1/data/flood_events/HandLabeled/S1Hand/USA_211406_S1Hand.tif,/Users/archiewilliamhulse/Desktop/Msc Data Science/Final Project/DSM500 Final Project/Data/Sen1Floods11_raw/v1.1/data/flood_events/HandLabeled/LabelHand/USA_211406_LabelHand.tif,train,USA,512,512,262101,1130,0.43113151037195585
USA_831672,USA_831672_S1Hand.tif,USA_831672_LabelHand.tif,/Users/archiewilliamhulse/Desktop/Msc Data Science/Final Project/DSM500 Final Project/Data/Sen1Floods11_raw/v1.1/data/flood_events/HandLabeled/S1Hand/USA_831672_S1Hand.tif,/Users/archiewilliamhulse/Desktop/Msc Data Science/Final Project/DSM500 Final Project/Data/Sen1Floods11_raw/v1.1/data/flood_events/HandLabeled/LabelHand/USA_831672_LabelHand.tif,train,USA,512,512,262116,20957,7.9953150513513105
USA_664261,USA_664261_S1Hand.tif,USA_664261_LabelHand.tif,/Users/archiewilliamhulse/Desktop/Msc Data Science/Final Project/DSM500 Final Project/Data/Sen1Floods11_raw/v1.1/data/flood_events/HandLabeled/S1Hand/USA_664261_S1Hand.tif,/Users/archiewilliamhulse/Desktop/Msc Data Science/Final Project/DSM500 Final Project/Data/Sen1Floods11_raw/v1.1/data/flood_events/HandLabeled/LabelHand/USA_664261_LabelHand.tif,train,USA,512,512,262115,4815,1.8369799515479845
USA_770353,USA_770353_S1Hand.tif,USA_770353_LabelHand.tif,/Users/archiewilliamhulse/Desktop/Msc Data Science/Final Project/DSM500 Final Project/Data/Sen1Floods11_raw/v1.1/data/flood_events/HandLabeled/S1Hand/USA_770353_S1Hand.tif,/Users/archiewilliamhulse/Desktop/Msc Data Science/Final Project/DSM500 Final Project/Data/Sen1Floods11_raw/v1.1/data/flood_events/HandLabeled/LabelHand/USA_770353_LabelHand.tif,train,USA,512,512,262141,34427,13.13300857172285
USA_217598,USA_217598_S1Hand.tif,USA_217598_LabelHand.tif,/Users/archiewilliamhulse/Desktop/Msc Data Science/Final Project/DSM500 Final Project/Data/Sen1Floods11_raw/v1.1/data/flood_events/HandLabeled/S1Hand/USA_217598_S1Hand.tif,/Users/archiewilliamhulse/Desktop/Msc Data Science/Final Project/DSM500 Final Project/Data/Sen1Floods11_raw/v1.1/data/flood_events/HandLabeled/LabelHand/USA_217598_LabelHand.tif,train,USA,512,512,257621,45255,17.566502730755644
USA_638521,USA_638521_S1Hand.tif,USA_638521_LabelHand.tif,/Users/archiewilliamhulse/Desktop/Msc Data Science/Final Project/DSM500 Final Project/Data/Sen1Floods11_raw/v1.1/data/flood_events/HandLabeled/S1Hand/USA_638521_S1Hand.tif,/Users/archiewilliamhulse/Desktop/Msc Data Science/Final Project/DSM500 Final Project/Data/Sen1Floods11_raw/v1.1/data/flood_events/HandLabeled/LabelHand/USA_638521_LabelHand.tif,train,USA,512,512,262141,5164,1.9699322120538185
USA_387945,USA_387945_S1Hand.tif,USA_387945_LabelHand.tif,/Users/archiewilliamhulse/Desktop/Msc Data Science/Final Project/DSM500 Final Project/Data/Sen1Floods11_raw/v1.1/data/flood_events/HandLabeled/S1Hand/USA_387945_S1Hand.tif,/Users/archiewilliamhulse/Desktop/Msc Data Science/Final Project/DSM500 Final Project/Data/Sen1Floods11_raw/v1.1/data/flood_events/HandLabeled/LabelHand/USA_387945_LabelHand.tif,train,USA,512,512,262139,13453,5.13201011677011
USA_224165,USA_224165_S1Hand.tif,USA_224165_LabelHand.tif,/Users/archiewilliamhulse/Desktop/Msc Data Science/Final Project/DSM500 Final Project/Data/Sen1Floods11_raw/v1.1/data/flood_events/HandLabeled/S1Hand/USA_224165_S1Hand.tif,/Users/archiewilliamhulse/Desktop/Msc Data Science/Final Project/DSM500 Final Project/Data/Sen1Floods11_raw/v1.1/data/flood_events/HandLabeled/LabelHand/USA_224165_LabelHand.tif,train,USA,512,512,262126,161,0.06142084341118394
USA_231124,USA_231124_S1Hand.tif,USA_231124_LabelHand.tif,/Users/archiewilliamhulse/Desktop/Msc Data Science/Final Project/DSM500 Final Project/Data/Sen1Floods11_raw/v1.1/data/flood_events/HandLabeled/S1Hand/USA_231124_S1Hand.tif,/Users/archiewilliamhulse/Desktop/Msc Data Science/Final Project/DSM500 Final Project/Data/Sen1Floods11_raw/v1.1/data/flood_events/HandLabeled/LabelHand/USA_231124_LabelHand.tif,train,USA,512,512,129409,3839,2.966563376581227
USA_170264,USA_170264_S1Hand.tif,USA_170264_LabelHand.tif,/Users/archiewilliamhulse/Desktop/Msc Data Science/Final Project/DSM500 Final Project/Data/Sen1Floods11_raw/v1.1/data/flood_events/HandLabeled/S1Hand/USA_170264_S1Hand.tif,/Users/archiewilliamhulse/Desktop/Msc Data Science/Final Project/DSM500 Final Project/Data/Sen1Floods11_raw/v1.1/data/flood_events/HandLabeled/LabelHand/USA_170264_LabelHand.tif,train,USA,512,512,261982,43535,16.617553877747326
USA_58086,USA_58086_S1Hand.tif,USA_58086_LabelHand.tif,/Users/archiewilliamhulse/Desktop/Msc Data Science/Final Project/DSM500 Final Project/Data/Sen1Floods11_raw/v1.1/data/flood_events/HandLabeled/S1Hand/USA_58086_S1Hand.tif,/Users/archiewilliamhulse/Desktop/Msc Data Science/Final Project/DSM500 Final Project/Data/Sen1Floods11_raw/v1.1/data/flood_events/HandLabeled/LabelHand/USA_58086_LabelHand.tif,train,USA,512,512,262112,15894,6.063820046392382
USA_1010394,USA_1010394_S1Hand.tif,USA_1010394_LabelHand.tif,/Users/archiewilliamhulse/Desktop/Msc Data Science/Final Project/DSM500 Final Project/Data/Sen1Floods11_raw/v1.1/data/flood_events/HandLabeled/S1Hand/USA_1010394_S1Hand.tif,/Users/archiewilliamhulse/Desktop/Msc Data Science/Final Project/DSM500 Final Project/Data/Sen1Floods11_raw/v1.1/data/flood_events/HandLabeled/LabelHand/USA_1010394_LabelHand.tif,train,USA,512,512,262131,1481,0.5649846832309036
USA_198411,USA_198411_S1Hand.tif,USA_198411_LabelHand.tif,/Users/archiewilliamhulse/Desktop/Msc Data Science/Final Project/DSM500 Final Project/Data/Sen1Floods11_raw/v1.1/data/flood_events/HandLabeled/S1Hand/USA_198411_S1Hand.tif,/Users/archiewilliamhulse/Desktop/Msc Data Science/Final Project/DSM500 Final Project/Data/Sen1Floods11_raw/v1.1/data/flood_events/HandLabeled/LabelHand/USA_198411_LabelHand.tif,train,USA,512,512,84222,8737,10.373774073282515
USA_486103,USA_486103_S1Hand.tif,USA_486103_LabelHand.tif,/Users/archiewilliamhulse/Desktop/Msc Data Science/Final Project/DSM500 Final Project/Data/Sen1Floods11_raw/v1.1/data/flood_events/HandLabeled/S1Hand/USA_486103_S1Hand.tif,/Users/archiewilliamhulse/Desktop/Msc Data Science/Final Project/DSM500 Final Project/Data/Sen1Floods11_raw/v1.1/data/flood_events/HandLabeled/LabelHand/USA_486103_LabelHand.tif,train,USA,512,512,262060,7242,2.7634892772647484
USA_260929,USA_260929_S1Hand.tif,USA_260929_LabelHand.tif,/Users/archiewilliamhulse/Desktop/Msc Data Science/Final Project/DSM500 Final Project/Data/Sen1Floods11_raw/v1.1/data/flood_events/HandLabeled/S1Hand/USA_260929_S1Hand.tif,/Users/archiewilliamhulse/Desktop/Msc Data Science/Final Project/DSM500 Final Project/Data/Sen1Floods11_raw/v1.1/data/flood_events/HandLabeled/LabelHand/USA_260929_LabelHand.tif,train,USA,512,512,262134,5020,1.9150510807449623
USA_179917,USA_179917_S1Hand.tif,USA_179917_LabelHand.tif,/Users/archiewilliamhulse/Desktop/Msc Data Science/Final Project/DSM500 Final Project/Data/Sen1Floods11_raw/v1.1/data/flood_events/HandLabeled/S1Hand/USA_179917_S1Hand.tif,/Users/archiewilliamhulse/Desktop/Msc Data Science/Final Project/DSM500 Final Project/Data/Sen1Floods11_raw/v1.1/data/flood_events/HandLabeled/LabelHand/USA_179917_LabelHand.tif,train,USA,512,512,262094,511,0.1949682175097484
USA_84195,USA_84195_S1Hand.tif,USA_84195_LabelHand.tif,/Users/archiewilliamhulse/Desktop/Msc Data Science/Final Project/DSM500 Final Project/Data/Sen1Floods11_raw/v1.1/data/flood_events/HandLabeled/S1Hand/USA_84195_S1Hand.tif,/Users/archiewilliamhulse/Desktop/Msc Data Science/Final Project/DSM500 Final Project/Data/Sen1Floods11_raw/v1.1/data/flood_events/HandLabeled/LabelHand/USA_84195_LabelHand.tif,train,USA,512,512,262137,3811,1.4538199491105797
USA_604222,USA_604222_S1Hand.tif,USA_604222_LabelHand.tif,/Users/archiewilliamhulse/Desktop/Msc Data Science/Final Project/DSM500 Final Project/Data/Sen1Floods11_raw/v1.1/data/flood_events/HandLabeled/S1Hand/USA_604222_S1Hand.tif,/Users/archiewilliamhulse/Desktop/Msc Data Science/Final Project/DSM500 Final Project/Data/Sen1Floods11_raw/v1.1/data/flood_events/HandLabeled/LabelHand/USA_604222_LabelHand.tif,train,USA,512,512,262123,6641,2.5335434128252765
USA_354981,USA_354981_S1Hand.tif,USA_354981_LabelHand.tif,/Users/archiewilliamhulse/Desktop/Msc Data Science/Final Project/DSM500 Final Project/Data/Sen1Floods11_raw/v1.1/data/flood_events/HandLabeled/S1Hand/USA_354981_S1Hand.tif,/Users/archiewilliamhulse/Desktop/Msc Data Science/Final Project/DSM500 Final Project/Data/Sen1Floods11_raw/v1.1/data/flood_events/HandLabeled/LabelHand/USA_354981_LabelHand.tif,train,USA,512,512,262011,1724,0.6579876417402323
USA_232060,USA_232060_S1Hand.tif,USA_232060_LabelHand.tif,/Users/archiewilliamhulse/Desktop/Msc Data Science/Final Project/DSM500 Final Project/Data/Sen1Floods11_raw/v1.1/data/flood_events/HandLabeled/S1Hand/USA_232060_S1Hand.tif,/Users/archiewilliamhulse/Desktop/Msc Data Science/Final Project/DSM500 Final Project/Data/Sen1Floods11_raw/v1.1/data/flood_events/HandLabeled/LabelHand/USA_232060_LabelHand.tif,train,USA,512,512,262127,1713,0.6535000209821956
USA_655230,USA_655230_S1Hand.tif,USA_655230_LabelHand.tif,/Users/archiewilliamhulse/Desktop/Msc Data Science/Final Project/DSM500 Final Project/Data/Sen1Floods11_raw/v1.1/data/flood_events/HandLabeled/S1Hand/USA_655230_S1Hand.tif,/Users/archiewilliamhulse/Desktop/Msc Data Science/Final Project/DSM500 Final Project/Data/Sen1Floods11_raw/v1.1/data/flood_events/HandLabeled/LabelHand/USA_655230_LabelHand.tif,train,USA,512,512,262129,1145,0.43680783125865513
USA_652955,USA_652955_S1Hand.tif,USA_652955_LabelHand.tif,/Users/archiewilliamhulse/Desktop/Msc Data Science/Final Project/DSM500 Final Project/Data/Sen1Floods11_raw/v1.1/data/flood_events/HandLabeled/S1Hand/USA_652955_S1Hand.tif,/Users/archiewilliamhulse/Desktop/Msc Data Science/Final Project/DSM500 Final Project/Data/Sen1Floods11_raw/v1.1/data/flood_events/HandLabeled/LabelHand/USA_652955_LabelHand.tif,train,USA,512,512,262141,8527,3.252829584078797
USA_1068362,USA_1068362_S1Hand.tif,USA_1068362_LabelHand.tif,/Users/archiewilliamhulse/Desktop/Msc Data Science/Final Project/DSM500 Final Project/Data/Sen1Floods11_raw/v1.1/data/flood_events/HandLabeled/S1Hand/USA_1068362_S1Hand.tif,/Users/archiewilliamhulse/Desktop/Msc Data Science/Final Project/DSM500 Final Project/Data/Sen1Floods11_raw/v1.1/data/flood_events/HandLabeled/LabelHand/USA_1068362_LabelHand.tif,train,USA,512,512,262124,31182,11.895896598556408
USA_806273,USA_806273_S1Hand.tif,USA_806273_LabelHand.tif,/Users/archiewilliamhulse/Desktop/Msc Data Science/Final Project/DSM500 Final Project/Data/Sen1Floods11_raw/v1.1/data/flood_events/HandLabeled/S1Hand/USA_806273_S1Hand.tif,/Users/archiewilliamhulse/Desktop/Msc Data Science/Final Project/DSM500 Final Project/Data/Sen1Floods11_raw/v1.1/data/flood_events/HandLabeled/LabelHand/USA_806273_LabelHand.tif,train,USA,512,512,262131,5787,2.2076747885599186
USA_788696,USA_788696_S1Hand.tif,USA_788696_LabelHand.tif,/Users/archiewilliamhulse/Desktop/Msc Data Science/Final Project/DSM500 Final Project/Data/Sen1Floods11_raw/v1.1/data/flood_events/HandLabeled/S1Hand/USA_788696_S1Hand.tif,/Users/archiewilliamhulse/Desktop/Msc Data Science/Final Project/DSM500 Final Project/Data/Sen1Floods11_raw/v1.1/data/flood_events/HandLabeled/LabelHand/USA_788696_LabelHand.tif,train,USA,512,512,262126,111448,42.51695749372439
USA_348639,USA_348639_S1Hand.tif,USA_348639_LabelHand.tif,/Users/archiewilliamhulse/Desktop/Msc Data Science/Final Project/DSM500 Final Project/Data/Sen1Floods11_raw/v1.1/data/flood_events/HandLabeled/S1Hand/USA_348639_S1Hand.tif,/Users/archiewilliamhulse/Desktop/Msc Data Science/Final Project/DSM500 Final Project/Data/Sen1Floods11_raw/v1.1/data/flood_events/HandLabeled/LabelHand/USA_348639_LabelHand.tif,train,USA,512,512,262118,27154,10.359456428020968
USA_181503,USA_181503_S1Hand.tif,USA_181503_LabelHand.tif,/Users/archiewilliamhulse/Desktop/Msc Data Science/Final Project/DSM500 Final Project/Data/Sen1Floods11_raw/v1.1/data/flood_events/HandLabeled/S1Hand/USA_181503_S1Hand.tif,/Users/archiewilliamhulse/Desktop/Msc Data Science/Final Project/DSM500 Final Project/Data/Sen1Floods11_raw/v1.1/data/flood_events/HandLabeled/LabelHand/USA_181503_LabelHand.tif,train,USA,512,512,262115,1194,0.45552524655208587
Ghana_895194,Ghana_895194_S1Hand.tif,Ghana_895194_LabelHand.tif,/Users/archiewilliamhulse/Desktop/Msc Data Science/Final Project/DSM500 Final Project/Data/Sen1Floods11_raw/v1.1/data/flood_events/HandLabeled/S1Hand/Ghana_895194_S1Hand.tif,/Users/archiewilliamhulse/Desktop/Msc Data Science/Final Project/DSM500 Final Project/Data/Sen1Floods11_raw/v1.1/data/flood_events/HandLabeled/LabelHand/Ghana_895194_LabelHand.tif,validation,Ghana,512,512,252706,8697,3.4415486771188655
Ghana_868803,Ghana_868803_S1Hand.tif,Ghana_868803_LabelHand.tif,/Users/archiewilliamhulse/Desktop/Msc Data Science/Final Project/DSM500 Final Project/Data/Sen1Floods11_raw/v1.1/data/flood_events/HandLabeled/S1Hand/Ghana_868803_S1Hand.tif,/Users/archiewilliamhulse/Desktop/Msc Data Science/Final Project/DSM500 Final Project/Data/Sen1Floods11_raw/v1.1/data/flood_events/HandLabeled/LabelHand/Ghana_868803_LabelHand.tif,validation,Ghana,512,512,262144,144051,54.95109558105469
Ghana_142312,Ghana_142312_S1Hand.tif,Ghana_142312_LabelHand.tif,/Users/archiewilliamhulse/Desktop/Msc Data Science/Final Project/DSM500 Final Project/Data/Sen1Floods11_raw/v1.1/data/flood_events/HandLabeled/S1Hand/Ghana_142312_S1Hand.tif,/Users/archiewilliamhulse/Desktop/Msc Data Science/Final Project/DSM500 Final Project/Data/Sen1Floods11_raw/v1.1/data/flood_events/HandLabeled/LabelHand/Ghana_142312_LabelHand.tif,validation,Ghana,512,512,262144,0,0.0
Ghana_132163,Ghana_132163_S1Hand.tif,Ghana_132163_LabelHand.tif,/Users/archiewilliamhulse/Desktop/Msc Data Science/Final Project/DSM500 Final Project/Data/Sen1Floods11_raw/v1.1/data/flood_events/HandLabeled/S1Hand/Ghana_132163_S1Hand.tif,/Users/archiewilliamhulse/Desktop/Msc Data Science/Final Project/DSM500 Final Project/Data/Sen1Floods11_raw/v1.1/data/flood_events/HandLabeled/LabelHand/Ghana_132163_LabelHand.tif,validation,Ghana,512,512,55761,0,0.0
Ghana_495107,Ghana_495107_S1Hand.tif,Ghana_495107_LabelHand.tif,/Users/archiewilliamhulse/Desktop/Msc Data Science/Final Project/DSM500 Final Project/Data/Sen1Floods11_raw/v1.1/data/flood_events/HandLabeled/S1Hand/Ghana_495107_S1Hand.tif,/Users/archiewilliamhulse/Desktop/Msc Data Science/Final Project/DSM500 Final Project/Data/Sen1Floods11_raw/v1.1/data/flood_events/HandLabeled/LabelHand/Ghana_495107_LabelHand.tif,validation,Ghana,512,512,262144,3959,1.5102386474609375
Ghana_124834,Ghana_124834_S1Hand.tif,Ghana_124834_LabelHand.tif,/Users/archiewilliamhulse/Desktop/Msc Data Science/Final Project/DSM500 Final Project/Data/Sen1Floods11_raw/v1.1/data/flood_events/HandLabeled/S1Hand/Ghana_124834_S1Hand.tif,/Users/archiewilliamhulse/Desktop/Msc Data Science/Final Project/DSM500 Final Project/Data/Sen1Floods11_raw/v1.1/data/flood_events/HandLabeled/LabelHand/Ghana_124834_LabelHand.tif,validation,Ghana,512,512,262144,0,0.0
Ghana_1033830,Ghana_1033830_S1Hand.tif,Ghana_1033830_LabelHand.tif,/Users/archiewilliamhulse/Desktop/Msc Data Science/Final Project/DSM500 Final Project/Data/Sen1Floods11_raw/v1.1/data/flood_events/HandLabeled/S1Hand/Ghana_1033830_S1Hand.tif,/Users/archiewilliamhulse/Desktop/Msc Data Science/Final Project/DSM500 Final Project/Data/Sen1Floods11_raw/v1.1/data/flood_events/HandLabeled/LabelHand/Ghana_1033830_LabelHand.tif,validation,Ghana,512,512,233229,96811,41.50898901937581
Ghana_308249,Ghana_308249_S1Hand.tif,Ghana_308249_LabelHand.tif,/Users/archiewilliamhulse/Desktop/Msc Data Science/Final Project/DSM500 Final Project/Data/Sen1Floods11_raw/v1.1/data/flood_events/HandLabeled/S1Hand/Ghana_308249_S1Hand.tif,/Users/archiewilliamhulse/Desktop/Msc Data Science/Final Project/DSM500 Final Project/Data/Sen1Floods11_raw/v1.1/data/flood_events/HandLabeled/LabelHand/Ghana_308249_LabelHand.tif,validation,Ghana,512,512,262144,8030,3.063201904296875
India_1050276,India_1050276_S1Hand.tif,India_1050276_LabelHand.tif,/Users/archiewilliamhulse/Desktop/Msc Data Science/Final Project/DSM500 Final Project/Data/Sen1Floods11_raw/v1.1/data/flood_events/HandLabeled/S1Hand/India_1050276_S1Hand.tif,/Users/archiewilliamhulse/Desktop/Msc Data Science/Final Project/DSM500 Final Project/Data/Sen1Floods11_raw/v1.1/data/flood_events/HandLabeled/LabelHand/India_1050276_LabelHand.tif,validation,India,512,512,255185,49005,19.203714951897645
India_764946,India_764946_S1Hand.tif,India_764946_LabelHand.tif,/Users/archiewilliamhulse/Desktop/Msc Data Science/Final Project/DSM500 Final Project/Data/Sen1Floods11_raw/v1.1/data/flood_events/HandLabeled/S1Hand/India_764946_S1Hand.tif,/Users/archiewilliamhulse/Desktop/Msc Data Science/Final Project/DSM500 Final Project/Data/Sen1Floods11_raw/v1.1/data/flood_events/HandLabeled/LabelHand/India_764946_LabelHand.tif,validation,India,512,512,242502,3146,1.2973088881741182
India_118868,India_118868_S1Hand.tif,India_118868_LabelHand.tif,/Users/archiewilliamhulse/Desktop/Msc Data Science/Final Project/DSM500 Final Project/Data/Sen1Floods11_raw/v1.1/data/flood_events/HandLabeled/S1Hand/India_118868_S1Hand.tif,/Users/archiewilliamhulse/Desktop/Msc Data Science/Final Project/DSM500 Final Project/Data/Sen1Floods11_raw/v1.1/data/flood_events/HandLabeled/LabelHand/India_118868_LabelHand.tif,validation,India,512,512,162148,10782,6.649480721316328
India_533192,India_533192_S1Hand.tif,India_533192_LabelHand.tif,/Users/archiewilliamhulse/Desktop/Msc Data Science/Final Project/DSM500 Final Project/Data/Sen1Floods11_raw/v1.1/data/flood_events/HandLabeled/S1Hand/India_533192_S1Hand.tif,/Users/archiewilliamhulse/Desktop/Msc Data Science/Final Project/DSM500 Final Project/Data/Sen1Floods11_raw/v1.1/data/flood_events/HandLabeled/LabelHand/India_533192_LabelHand.tif,validation,India,512,512,135257,49070,36.279083522479425
India_180633,India_180633_S1Hand.tif,India_180633_LabelHand.tif,/Users/archiewilliamhulse/Desktop/Msc Data Science/Final Project/DSM500 Final Project/Data/Sen1Floods11_raw/v1.1/data/flood_events/HandLabeled/S1Hand/India_180633_S1Hand.tif,/Users/archiewilliamhulse/Desktop/Msc Data Science/Final Project/DSM500 Final Project/Data/Sen1Floods11_raw/v1.1/data/flood_events/HandLabeled/LabelHand/India_180633_LabelHand.tif,validation,India,512,512,164555,75763,46.041141259761176
India_244057,India_244057_S1Hand.tif,India_244057_LabelHand.tif,/Users/archiewilliamhulse/Desktop/Msc Data Science/Final Project/DSM500 Final Project/Data/Sen1Floods11_raw/v1.1/data/flood_events/HandLabeled/S1Hand/India_244057_S1Hand.tif,/Users/archiewilliamhulse/Desktop/Msc Data Science/Final Project/DSM500 Final Project/Data/Sen1Floods11_raw/v1.1/data/flood_events/HandLabeled/LabelHand/India_244057_LabelHand.tif,validation,India,512,512,160537,5,0.003114546802294798
India_691027,India_691027_S1Hand.tif,India_691027_LabelHand.tif,/Users/archiewilliamhulse/Desktop/Msc Data Science/Final Project/DSM500 Final Project/Data/Sen1Floods11_raw/v1.1/data/flood_events/HandLabeled/S1Hand/India_691027_S1Hand.tif,/Users/archiewilliamhulse/Desktop/Msc Data Science/Final Project/DSM500 Final Project/Data/Sen1Floods11_raw/v1.1/data/flood_events/HandLabeled/LabelHand/India_691027_LabelHand.tif,validation,India,512,512,254034,8394,3.3042821039703343
India_769408,India_769408_S1Hand.tif,India_769408_LabelHand.tif,/Users/archiewilliamhulse/Desktop/Msc Data Science/Final Project/DSM500 Final Project/Data/Sen1Floods11_raw/v1.1/data/flood_events/HandLabeled/S1Hand/India_769408_S1Hand.tif,/Users/archiewilliamhulse/Desktop/Msc Data Science/Final Project/DSM500 Final Project/Data/Sen1Floods11_raw/v1.1/data/flood_events/HandLabeled/LabelHand/India_769408_LabelHand.tif,validation,India,512,512,175907,8582,4.878714320635336
India_1018317,India_1018317_S1Hand.tif,India_1018317_LabelHand.tif,/Users/archiewilliamhulse/Desktop/Msc Data Science/Final Project/DSM500 Final Project/Data/Sen1Floods11_raw/v1.1/data/flood_events/HandLabeled/S1Hand/India_1018317_S1Hand.tif,/Users/archiewilliamhulse/Desktop/Msc Data Science/Final Project/DSM500 Final Project/Data/Sen1Floods11_raw/v1.1/data/flood_events/HandLabeled/LabelHand/India_1018317_LabelHand.tif,validation,India,512,512,196977,150710,76.51147088238729
India_869358,India_869358_S1Hand.tif,India_869358_LabelHand.tif,/Users/archiewilliamhulse/Desktop/Msc Data Science/Final Project/DSM500 Final Project/Data/Sen1Floods11_raw/v1.1/data/flood_events/HandLabeled/S1Hand/India_869358_S1Hand.tif,/Users/archiewilliamhulse/Desktop/Msc Data Science/Final Project/DSM500 Final Project/Data/Sen1Floods11_raw/v1.1/data/flood_events/HandLabeled/LabelHand/India_869358_LabelHand.tif,validation,India,512,512,262144,5050,1.926422119140625
India_164336,India_164336_S1Hand.tif,India_164336_LabelHand.tif,/Users/archiewilliamhulse/Desktop/Msc Data Science/Final Project/DSM500 Final Project/Data/Sen1Floods11_raw/v1.1/data/flood_events/HandLabeled/S1Hand/India_164336_S1Hand.tif,/Users/archiewilliamhulse/Desktop/Msc Data Science/Final Project/DSM500 Final Project/Data/Sen1Floods11_raw/v1.1/data/flood_events/HandLabeled/LabelHand/India_164336_LabelHand.tif,validation,India,512,512,259101,1881,0.725971725311751
India_70352,India_70352_S1Hand.tif,India_70352_LabelHand.tif,/Users/archiewilliamhulse/Desktop/Msc Data Science/Final Project/DSM500 Final Project/Data/Sen1Floods11_raw/v1.1/data/flood_events/HandLabeled/S1Hand/India_70352_S1Hand.tif,/Users/archiewilliamhulse/Desktop/Msc Data Science/Final Project/DSM500 Final Project/Data/Sen1Floods11_raw/v1.1/data/flood_events/HandLabeled/LabelHand/India_70352_LabelHand.tif,validation,India,512,512,239229,13188,5.512709579524222
India_833266,India_833266_S1Hand.tif,India_833266_LabelHand.tif,/Users/archiewilliamhulse/Desktop/Msc Data Science/Final Project/DSM500 Final Project/Data/Sen1Floods11_raw/v1.1/data/flood_events/HandLabeled/S1Hand/India_833266_S1Hand.tif,/Users/archiewilliamhulse/Desktop/Msc Data Science/Final Project/DSM500 Final Project/Data/Sen1Floods11_raw/v1.1/data/flood_events/HandLabeled/LabelHand/India_833266_LabelHand.tif,validation,India,512,512,219674,18262,8.313227782987518
India_1068117,India_1068117_S1Hand.tif,India_1068117_LabelHand.tif,/Users/archiewilliamhulse/Desktop/Msc Data Science/Final Project/DSM500 Final Project/Data/Sen1Floods11_raw/v1.1/data/flood_events/HandLabeled/S1Hand/India_1068117_S1Hand.tif,/Users/archiewilliamhulse/Desktop/Msc Data Science/Final Project/DSM500 Final Project/Data/Sen1Floods11_raw/v1.1/data/flood_events/HandLabeled/LabelHand/India_1068117_LabelHand.tif,validation,India,512,512,229712,47960,20.878317197186043
Mekong_1149855,Mekong_1149855_S1Hand.tif,Mekong_1149855_LabelHand.tif,/Users/archiewilliamhulse/Desktop/Msc Data Science/Final Project/DSM500 Final Project/Data/Sen1Floods11_raw/v1.1/data/flood_events/HandLabeled/S1Hand/Mekong_1149855_S1Hand.tif,/Users/archiewilliamhulse/Desktop/Msc Data Science/Final Project/DSM500 Final Project/Data/Sen1Floods11_raw/v1.1/data/flood_events/HandLabeled/LabelHand/Mekong_1149855_LabelHand.tif,validation,Mekong,512,512,224775,17260,7.678789901012123
Mekong_977338,Mekong_977338_S1Hand.tif,Mekong_977338_LabelHand.tif,/Users/archiewilliamhulse/Desktop/Msc Data Science/Final Project/DSM500 Final Project/Data/Sen1Floods11_raw/v1.1/data/flood_events/HandLabeled/S1Hand/Mekong_977338_S1Hand.tif,/Users/archiewilliamhulse/Desktop/Msc Data Science/Final Project/DSM500 Final Project/Data/Sen1Floods11_raw/v1.1/data/flood_events/HandLabeled/LabelHand/Mekong_977338_LabelHand.tif,validation,Mekong,512,512,176958,65567,37.05229489483381
Mekong_474783,Mekong_474783_S1Hand.tif,Mekong_474783_LabelHand.tif,/Users/archiewilliamhulse/Desktop/Msc Data Science/Final Project/DSM500 Final Project/Data/Sen1Floods11_raw/v1.1/data/flood_events/HandLabeled/S1Hand/Mekong_474783_S1Hand.tif,/Users/archiewilliamhulse/Desktop/Msc Data Science/Final Project/DSM500 Final Project/Data/Sen1Floods11_raw/v1.1/data/flood_events/HandLabeled/LabelHand/Mekong_474783_LabelHand.tif,validation,Mekong,512,512,262119,5780,2.205105314761616
Mekong_293769,Mekong_293769_S1Hand.tif,Mekong_293769_LabelHand.tif,/Users/archiewilliamhulse/Desktop/Msc Data Science/Final Project/DSM500 Final Project/Data/Sen1Floods11_raw/v1.1/data/flood_events/HandLabeled/S1Hand/Mekong_293769_S1Hand.tif,/Users/archiewilliamhulse/Desktop/Msc Data Science/Final Project/DSM500 Final Project/Data/Sen1Floods11_raw/v1.1/data/flood_events/HandLabeled/LabelHand/Mekong_293769_LabelHand.tif,validation,Mekong,512,512,231060,30677,13.276638102657317
Mekong_1413877,Mekong_1413877_S1Hand.tif,Mekong_1413877_LabelHand.tif,/Users/archiewilliamhulse/Desktop/Msc Data Science/Final Project/DSM500 Final Project/Data/Sen1Floods11_raw/v1.1/data/flood_events/HandLabeled/S1Hand/Mekong_1413877_S1Hand.tif,/Users/archiewilliamhulse/Desktop/Msc Data Science/Final Project/DSM500 Final Project/Data/Sen1Floods11_raw/v1.1/data/flood_events/HandLabeled/LabelHand/Mekong_1413877_LabelHand.tif,validation,Mekong,512,512,256968,2512,0.9775536253541297
Mekong_98310,Mekong_98310_S1Hand.tif,Mekong_98310_LabelHand.tif,/Users/archiewilliamhulse/Desktop/Msc Data Science/Final Project/DSM500 Final Project/Data/Sen1Floods11_raw/v1.1/data/flood_events/HandLabeled/S1Hand/Mekong_98310_S1Hand.tif,/Users/archiewilliamhulse/Desktop/Msc Data Science/Final Project/DSM500 Final Project/Data/Sen1Floods11_raw/v1.1/data/flood_events/HandLabeled/LabelHand/Mekong_98310_LabelHand.tif,validation,Mekong,512,512,182771,85667,46.871221364439656
Nigeria_31096,Nigeria_31096_S1Hand.tif,Nigeria_31096_LabelHand.tif,/Users/archiewilliamhulse/Desktop/Msc Data Science/Final Project/DSM500 Final Project/Data/Sen1Floods11_raw/v1.1/data/flood_events/HandLabeled/S1Hand/Nigeria_31096_S1Hand.tif,/Users/archiewilliamhulse/Desktop/Msc Data Science/Final Project/DSM500 Final Project/Data/Sen1Floods11_raw/v1.1/data/flood_events/HandLabeled/LabelHand/Nigeria_31096_LabelHand.tif,validation,Nigeria,512,512,217487,816,0.3751948392317702
Nigeria_984831,Nigeria_984831_S1Hand.tif,Nigeria_984831_LabelHand.tif,/Users/archiewilliamhulse/Desktop/Msc Data Science/Final Project/DSM500 Final Project/Data/Sen1Floods11_raw/v1.1/data/flood_events/HandLabeled/S1Hand/Nigeria_984831_S1Hand.tif,/Users/archiewilliamhulse/Desktop/Msc Data Science/Final Project/DSM500 Final Project/Data/Sen1Floods11_raw/v1.1/data/flood_events/HandLabeled/LabelHand/Nigeria_984831_LabelHand.tif,validation,Nigeria,512,512,240158,221680,92.30589861674397
Nigeria_1095404,Nigeria_1095404_S1Hand.tif,Nigeria_1095404_LabelHand.tif,/Users/archiewilliamhulse/Desktop/Msc Data Science/Final Project/DSM500 Final Project/Data/Sen1Floods11_raw/v1.1/data/flood_events/HandLabeled/S1Hand/Nigeria_1095404_S1Hand.tif,/Users/archiewilliamhulse/Desktop/Msc Data Science/Final Project/DSM500 Final Project/Data/Sen1Floods11_raw/v1.1/data/flood_events/HandLabeled/LabelHand/Nigeria_1095404_LabelHand.tif,validation,Nigeria,512,512,252283,46091,18.269562356559895
Nigeria_820924,Nigeria_820924_S1Hand.tif,Nigeria_820924_LabelHand.tif,/Users/archiewilliamhulse/Desktop/Msc Data Science/Final Project/DSM500 Final Project/Data/Sen1Floods11_raw/v1.1/data/flood_events/HandLabeled/S1Hand/Nigeria_820924_S1Hand.tif,/Users/archiewilliamhulse/Desktop/Msc Data Science/Final Project/DSM500 Final Project/Data/Sen1Floods11_raw/v1.1/data/flood_events/HandLabeled/LabelHand/Nigeria_820924_LabelHand.tif,validation,Nigeria,512,512,262143,1176,0.44861010974925897
Pakistan_43105,Pakistan_43105_S1Hand.tif,Pakistan_43105_LabelHand.tif,/Users/archiewilliamhulse/Desktop/Msc Data Science/Final Project/DSM500 Final Project/Data/Sen1Floods11_raw/v1.1/data/flood_events/HandLabeled/S1Hand/Pakistan_43105_S1Hand.tif,/Users/archiewilliamhulse/Desktop/Msc Data Science/Final Project/DSM500 Final Project/Data/Sen1Floods11_raw/v1.1/data/flood_events/HandLabeled/LabelHand/Pakistan_43105_LabelHand.tif,validation,Pakistan,512,512,261675,271,0.10356358077768224
Pakistan_94095,Pakistan_94095_S1Hand.tif,Pakistan_94095_LabelHand.tif,/Users/archiewilliamhulse/Desktop/Msc Data Science/Final Project/DSM500 Final Project/Data/Sen1Floods11_raw/v1.1/data/flood_events/HandLabeled/S1Hand/Pakistan_94095_S1Hand.tif,/Users/archiewilliamhulse/Desktop/Msc Data Science/Final Project/DSM500 Final Project/Data/Sen1Floods11_raw/v1.1/data/flood_events/HandLabeled/LabelHand/Pakistan_94095_LabelHand.tif,validation,Pakistan,512,512,180570,53566,29.6649498809326
Pakistan_210595,Pakistan_210595_S1Hand.tif,Pakistan_210595_LabelHand.tif,/Users/archiewilliamhulse/Desktop/Msc Data Science/Final Project/DSM500 Final Project/Data/Sen1Floods11_raw/v1.1/data/flood_events/HandLabeled/S1Hand/Pakistan_210595_S1Hand.tif,/Users/archiewilliamhulse/Desktop/Msc Data Science/Final Project/DSM500 Final Project/Data/Sen1Floods11_raw/v1.1/data/flood_events/HandLabeled/LabelHand/Pakistan_210595_LabelHand.tif,validation,Pakistan,512,512,262144,0,0.0
Pakistan_1027214,Pakistan_1027214_S1Hand.tif,Pakistan_1027214_LabelHand.tif,/Users/archiewilliamhulse/Desktop/Msc Data Science/Final Project/DSM500 Final Project/Data/Sen1Floods11_raw/v1.1/data/flood_events/HandLabeled/S1Hand/Pakistan_1027214_S1Hand.tif,/Users/archiewilliamhulse/Desktop/Msc Data Science/Final Project/DSM500 Final Project/Data/Sen1Floods11_raw/v1.1/data/flood_events/HandLabeled/LabelHand/Pakistan_1027214_LabelHand.tif,validation,Pakistan,512,512,158958,23870,15.016545250946791
Pakistan_336228,Pakistan_336228_S1Hand.tif,Pakistan_336228_LabelHand.tif,/Users/archiewilliamhulse/Desktop/Msc Data Science/Final Project/DSM500 Final Project/Data/Sen1Floods11_raw/v1.1/data/flood_events/HandLabeled/S1Hand/Pakistan_336228_S1Hand.tif,/Users/archiewilliamhulse/Desktop/Msc Data Science/Final Project/DSM500 Final Project/Data/Sen1Floods11_raw/v1.1/data/flood_events/HandLabeled/LabelHand/Pakistan_336228_LabelHand.tif,validation,Pakistan,512,512,132471,0,0.0
Pakistan_9684,Pakistan_9684_S1Hand.tif,Pakistan_9684_LabelHand.tif,/Users/archiewilliamhulse/Desktop/Msc Data Science/Final Project/DSM500 Final Project/Data/Sen1Floods11_raw/v1.1/data/flood_events/HandLabeled/S1Hand/Pakistan_9684_S1Hand.tif,/Users/archiewilliamhulse/Desktop/Msc Data Science/Final Project/DSM500 Final Project/Data/Sen1Floods11_raw/v1.1/data/flood_events/HandLabeled/LabelHand/Pakistan_9684_LabelHand.tif,validation,Pakistan,512,512,113550,1196,1.0532804931748128
Paraguay_305760,Paraguay_305760_S1Hand.tif,Paraguay_305760_LabelHand.tif,/Users/archiewilliamhulse/Desktop/Msc Data Science/Final Project/DSM500 Final Project/Data/Sen1Floods11_raw/v1.1/data/flood_events/HandLabeled/S1Hand/Paraguay_305760_S1Hand.tif,/Users/archiewilliamhulse/Desktop/Msc Data Science/Final Project/DSM500 Final Project/Data/Sen1Floods11_raw/v1.1/data/flood_events/HandLabeled/LabelHand/Paraguay_305760_LabelHand.tif,validation,Paraguay,512,512,262144,43791,16.704940795898438
Paraguay_648632,Paraguay_648632_S1Hand.tif,Paraguay_648632_LabelHand.tif,/Users/archiewilliamhulse/Desktop/Msc Data Science/Final Project/DSM500 Final Project/Data/Sen1Floods11_raw/v1.1/data/flood_events/HandLabeled/S1Hand/Paraguay_648632_S1Hand.tif,/Users/archiewilliamhulse/Desktop/Msc Data Science/Final Project/DSM500 Final Project/Data/Sen1Floods11_raw/v1.1/data/flood_events/HandLabeled/LabelHand/Paraguay_648632_LabelHand.tif,validation,Paraguay,512,512,262144,18394,7.016754150390625
Paraguay_172476,Paraguay_172476_S1Hand.tif,Paraguay_172476_LabelHand.tif,/Users/archiewilliamhulse/Desktop/Msc Data Science/Final Project/DSM500 Final Project/Data/Sen1Floods11_raw/v1.1/data/flood_events/HandLabeled/S1Hand/Paraguay_172476_S1Hand.tif,/Users/archiewilliamhulse/Desktop/Msc Data Science/Final Project/DSM500 Final Project/Data/Sen1Floods11_raw/v1.1/data/flood_events/HandLabeled/LabelHand/Paraguay_172476_LabelHand.tif,validation,Paraguay,512,512,262143,2815,1.0738413766532007
Paraguay_581976,Paraguay_581976_S1Hand.tif,Paraguay_581976_LabelHand.tif,/Users/archiewilliamhulse/Desktop/Msc Data Science/Final Project/DSM500 Final Project/Data/Sen1Floods11_raw/v1.1/data/flood_events/HandLabeled/S1Hand/Paraguay_581976_S1Hand.tif,/Users/archiewilliamhulse/Desktop/Msc Data Science/Final Project/DSM500 Final Project/Data/Sen1Floods11_raw/v1.1/data/flood_events/HandLabeled/LabelHand/Paraguay_581976_LabelHand.tif,validation,Paraguay,512,512,262144,148808,56.7657470703125
Paraguay_284928,Paraguay_284928_S1Hand.tif,Paraguay_284928_LabelHand.tif,/Users/archiewilliamhulse/Desktop/Msc Data Science/Final Project/DSM500 Final Project/Data/Sen1Floods11_raw/v1.1/data/flood_events/HandLabeled/S1Hand/Paraguay_284928_S1Hand.tif,/Users/archiewilliamhulse/Desktop/Msc Data Science/Final Project/DSM500 Final Project/Data/Sen1Floods11_raw/v1.1/data/flood_events/HandLabeled/LabelHand/Paraguay_284928_LabelHand.tif,validation,Paraguay,512,512,262144,0,0.0
Paraguay_1019808,Paraguay_1019808_S1Hand.tif,Paraguay_1019808_LabelHand.tif,/Users/archiewilliamhulse/Desktop/Msc Data Science/Final Project/DSM500 Final Project/Data/Sen1Floods11_raw/v1.1/data/flood_events/HandLabeled/S1Hand/Paraguay_1019808_S1Hand.tif,/Users/archiewilliamhulse/Desktop/Msc Data Science/Final Project/DSM500 Final Project/Data/Sen1Floods11_raw/v1.1/data/flood_events/HandLabeled/LabelHand/Paraguay_1019808_LabelHand.tif,validation,Paraguay,512,512,262144,5170,1.972198486328125
Paraguay_76868,Paraguay_76868_S1Hand.tif,Paraguay_76868_LabelHand.tif,/Users/archiewilliamhulse/Desktop/Msc Data Science/Final Project/DSM500 Final Project/Data/Sen1Floods11_raw/v1.1/data/flood_events/HandLabeled/S1Hand/Paraguay_76868_S1Hand.tif,/Users/archiewilliamhulse/Desktop/Msc Data Science/Final Project/DSM500 Final Project/Data/Sen1Floods11_raw/v1.1/data/flood_events/HandLabeled/LabelHand/Paraguay_76868_LabelHand.tif,validation,Paraguay,512,512,262121,17683,6.74612106622514
Paraguay_252217,Paraguay_252217_S1Hand.tif,Paraguay_252217_LabelHand.tif,/Users/archiewilliamhulse/Desktop/Msc Data Science/Final Project/DSM500 Final Project/Data/Sen1Floods11_raw/v1.1/data/flood_events/HandLabeled/S1Hand/Paraguay_252217_S1Hand.tif,/Users/archiewilliamhulse/Desktop/Msc Data Science/Final Project/DSM500 Final Project/Data/Sen1Floods11_raw/v1.1/data/flood_events/HandLabeled/LabelHand/Paraguay_252217_LabelHand.tif,validation,Paraguay,512,512,255778,300,0.11728921173830432
Paraguay_205585,Paraguay_205585_S1Hand.tif,Paraguay_205585_LabelHand.tif,/Users/archiewilliamhulse/Desktop/Msc Data Science/Final Project/DSM500 Final Project/Data/Sen1Floods11_raw/v1.1/data/flood_events/HandLabeled/S1Hand/Paraguay_205585_S1Hand.tif,/Users/archiewilliamhulse/Desktop/Msc Data Science/Final Project/DSM500 Final Project/Data/Sen1Floods11_raw/v1.1/data/flood_events/HandLabeled/LabelHand/Paraguay_205585_LabelHand.tif,validation,Paraguay,512,512,262144,0,0.0
Paraguay_7894,Paraguay_7894_S1Hand.tif,Paraguay_7894_LabelHand.tif,/Users/archiewilliamhulse/Desktop/Msc Data Science/Final Project/DSM500 Final Project/Data/Sen1Floods11_raw/v1.1/data/flood_events/HandLabeled/S1Hand/Paraguay_7894_S1Hand.tif,/Users/archiewilliamhulse/Desktop/Msc Data Science/Final Project/DSM500 Final Project/Data/Sen1Floods11_raw/v1.1/data/flood_events/HandLabeled/LabelHand/Paraguay_7894_LabelHand.tif,validation,Paraguay,512,512,202187,0,0.0
Paraguay_896458,Paraguay_896458_S1Hand.tif,Paraguay_896458_LabelHand.tif,/Users/archiewilliamhulse/Desktop/Msc Data Science/Final Project/DSM500 Final Project/Data/Sen1Floods11_raw/v1.1/data/flood_events/HandLabeled/S1Hand/Paraguay_896458_S1Hand.tif,/Users/archiewilliamhulse/Desktop/Msc Data Science/Final Project/DSM500 Final Project/Data/Sen1Floods11_raw/v1.1/data/flood_events/HandLabeled/LabelHand/Paraguay_896458_LabelHand.tif,validation,Paraguay,512,512,240678,49299,20.483384438959938
Paraguay_657443,Paraguay_657443_S1Hand.tif,Paraguay_657443_LabelHand.tif,/Users/archiewilliamhulse/Desktop/Msc Data Science/Final Project/DSM500 Final Project/Data/Sen1Floods11_raw/v1.1/data/flood_events/HandLabeled/S1Hand/Paraguay_657443_S1Hand.tif,/Users/archiewilliamhulse/Desktop/Msc Data Science/Final Project/DSM500 Final Project/Data/Sen1Floods11_raw/v1.1/data/flood_events/HandLabeled/LabelHand/Paraguay_657443_LabelHand.tif,validation,Paraguay,512,512,262144,64974,24.785614013671875
Paraguay_934240,Paraguay_934240_S1Hand.tif,Paraguay_934240_LabelHand.tif,/Users/archiewilliamhulse/Desktop/Msc Data Science/Final Project/DSM500 Final Project/Data/Sen1Floods11_raw/v1.1/data/flood_events/HandLabeled/S1Hand/Paraguay_934240_S1Hand.tif,/Users/archiewilliamhulse/Desktop/Msc Data Science/Final Project/DSM500 Final Project/Data/Sen1Floods11_raw/v1.1/data/flood_events/HandLabeled/LabelHand/Paraguay_934240_LabelHand.tif,validation,Paraguay,512,512,262144,20358,7.765960693359375
Paraguay_153941,Paraguay_153941_S1Hand.tif,Paraguay_153941_LabelHand.tif,/Users/archiewilliamhulse/Desktop/Msc Data Science/Final Project/DSM500 Final Project/Data/Sen1Floods11_raw/v1.1/data/flood_events/HandLabeled/S1Hand/Paraguay_153941_S1Hand.tif,/Users/archiewilliamhulse/Desktop/Msc Data Science/Final Project/DSM500 Final Project/Data/Sen1Floods11_raw/v1.1/data/flood_events/HandLabeled/LabelHand/Paraguay_153941_LabelHand.tif,validation,Paraguay,512,512,262144,641,0.2445220947265625
Somalia_12849,Somalia_12849_S1Hand.tif,Somalia_12849_LabelHand.tif,/Users/archiewilliamhulse/Desktop/Msc Data Science/Final Project/DSM500 Final Project/Data/Sen1Floods11_raw/v1.1/data/flood_events/HandLabeled/S1Hand/Somalia_12849_S1Hand.tif,/Users/archiewilliamhulse/Desktop/Msc Data Science/Final Project/DSM500 Final Project/Data/Sen1Floods11_raw/v1.1/data/flood_events/HandLabeled/LabelHand/Somalia_12849_LabelHand.tif,validation,Somalia,512,512,191302,37192,19.44151132763902
Somalia_256539,Somalia_256539_S1Hand.tif,Somalia_256539_LabelHand.tif,/Users/archiewilliamhulse/Desktop/Msc Data Science/Final Project/DSM500 Final Project/Data/Sen1Floods11_raw/v1.1/data/flood_events/HandLabeled/S1Hand/Somalia_256539_S1Hand.tif,/Users/archiewilliamhulse/Desktop/Msc Data Science/Final Project/DSM500 Final Project/Data/Sen1Floods11_raw/v1.1/data/flood_events/HandLabeled/LabelHand/Somalia_256539_LabelHand.tif,validation,Somalia,512,512,221259,23,0.010395057376197126
Somalia_61368,Somalia_61368_S1Hand.tif,Somalia_61368_LabelHand.tif,/Users/archiewilliamhulse/Desktop/Msc Data Science/Final Project/DSM500 Final Project/Data/Sen1Floods11_raw/v1.1/data/flood_events/HandLabeled/S1Hand/Somalia_61368_S1Hand.tif,/Users/archiewilliamhulse/Desktop/Msc Data Science/Final Project/DSM500 Final Project/Data/Sen1Floods11_raw/v1.1/data/flood_events/HandLabeled/LabelHand/Somalia_61368_LabelHand.tif,validation,Somalia,512,512,212969,0,0.0
Somalia_649376,Somalia_649376_S1Hand.tif,Somalia_649376_LabelHand.tif,/Users/archiewilliamhulse/Desktop/Msc Data Science/Final Project/DSM500 Final Project/Data/Sen1Floods11_raw/v1.1/data/flood_events/HandLabeled/S1Hand/Somalia_649376_S1Hand.tif,/Users/archiewilliamhulse/Desktop/Msc Data Science/Final Project/DSM500 Final Project/Data/Sen1Floods11_raw/v1.1/data/flood_events/HandLabeled/LabelHand/Somalia_649376_LabelHand.tif,validation,Somalia,512,512,213929,5187,2.4246362110793767
Somalia_167787,Somalia_167787_S1Hand.tif,Somalia_167787_LabelHand.tif,/Users/archiewilliamhulse/Desktop/Msc Data Science/Final Project/DSM500 Final Project/Data/Sen1Floods11_raw/v1.1/data/flood_events/HandLabeled/S1Hand/Somalia_167787_S1Hand.tif,/Users/archiewilliamhulse/Desktop/Msc Data Science/Final Project/DSM500 Final Project/Data/Sen1Floods11_raw/v1.1/data/flood_events/HandLabeled/LabelHand/Somalia_167787_LabelHand.tif,validation,Somalia,512,512,220505,225,0.10203850252828733
Spain_1199913,Spain_1199913_S1Hand.tif,Spain_1199913_LabelHand.tif,/Users/archiewilliamhulse/Desktop/Msc Data Science/Final Project/DSM500 Final Project/Data/Sen1Floods11_raw/v1.1/data/flood_events/HandLabeled/S1Hand/Spain_1199913_S1Hand.tif,/Users/archiewilliamhulse/Desktop/Msc Data Science/Final Project/DSM500 Final Project/Data/Sen1Floods11_raw/v1.1/data/flood_events/HandLabeled/LabelHand/Spain_1199913_LabelHand.tif,validation,Spain,512,512,262143,10090,3.849044223954101
Spain_8372658,Spain_8372658_S1Hand.tif,Spain_8372658_LabelHand.tif,/Users/archiewilliamhulse/Desktop/Msc Data Science/Final Project/DSM500 Final Project/Data/Sen1Floods11_raw/v1.1/data/flood_events/HandLabeled/S1Hand/Spain_8372658_S1Hand.tif,/Users/archiewilliamhulse/Desktop/Msc Data Science/Final Project/DSM500 Final Project/Data/Sen1Floods11_raw/v1.1/data/flood_events/HandLabeled/LabelHand/Spain_8372658_LabelHand.tif,validation,Spain,512,512,262029,93104,35.531944937392424
Spain_7604243,Spain_7604243_S1Hand.tif,Spain_7604243_LabelHand.tif,/Users/archiewilliamhulse/Desktop/Msc Data Science/Final Project/DSM500 Final Project/Data/Sen1Floods11_raw/v1.1/data/flood_events/HandLabeled/S1Hand/Spain_7604243_S1Hand.tif,/Users/archiewilliamhulse/Desktop/Msc Data Science/Final Project/DSM500 Final Project/Data/Sen1Floods11_raw/v1.1/data/flood_events/HandLabeled/LabelHand/Spain_7604243_LabelHand.tif,validation,Spain,512,512,262080,20919,7.981913919413919
Spain_6537196,Spain_6537196_S1Hand.tif,Spain_6537196_LabelHand.tif,/Users/archiewilliamhulse/Desktop/Msc Data Science/Final Project/DSM500 Final Project/Data/Sen1Floods11_raw/v1.1/data/flood_events/HandLabeled/S1Hand/Spain_6537196_S1Hand.tif,/Users/archiewilliamhulse/Desktop/Msc Data Science/Final Project/DSM500 Final Project/Data/Sen1Floods11_raw/v1.1/data/flood_events/HandLabeled/LabelHand/Spain_6537196_LabelHand.tif,validation,Spain,512,512,262106,3046,1.1621252470374581
Spain_4282030,Spain_4282030_S1Hand.tif,Spain_4282030_LabelHand.tif,/Users/archiewilliamhulse/Desktop/Msc Data Science/Final Project/DSM500 Final Project/Data/Sen1Floods11_raw/v1.1/data/flood_events/HandLabeled/S1Hand/Spain_4282030_S1Hand.tif,/Users/archiewilliamhulse/Desktop/Msc Data Science/Final Project/DSM500 Final Project/Data/Sen1Floods11_raw/v1.1/data/flood_events/HandLabeled/LabelHand/Spain_4282030_LabelHand.tif,validation,Spain,512,512,262123,98131,37.4370047649386
Spain_8565131,Spain_8565131_S1Hand.tif,Spain_8565131_LabelHand.tif,/Users/archiewilliamhulse/Desktop/Msc Data Science/Final Project/DSM500 Final Project/Data/Sen1Floods11_raw/v1.1/data/flood_events/HandLabeled/S1Hand/Spain_8565131_S1Hand.tif,/Users/archiewilliamhulse/Desktop/Msc Data Science/Final Project/DSM500 Final Project/Data/Sen1Floods11_raw/v1.1/data/flood_events/HandLabeled/LabelHand/Spain_8565131_LabelHand.tif,validation,Spain,512,512,262084,52356,19.97680133087102
Sri-Lanka_85652,Sri-Lanka_85652_S1Hand.tif,Sri-Lanka_85652_LabelHand.tif,/Users/archiewilliamhulse/Desktop/Msc Data Science/Final Project/DSM500 Final Project/Data/Sen1Floods11_raw/v1.1/data/flood_events/HandLabeled/S1Hand/Sri-Lanka_85652_S1Hand.tif,/Users/archiewilliamhulse/Desktop/Msc Data Science/Final Project/DSM500 Final Project/Data/Sen1Floods11_raw/v1.1/data/flood_events/HandLabeled/LabelHand/Sri-Lanka_85652_LabelHand.tif,validation,Sri-Lanka,512,512,197368,1941,0.9834420980098091
Sri-Lanka_63307,Sri-Lanka_63307_S1Hand.tif,Sri-Lanka_63307_LabelHand.tif,/Users/archiewilliamhulse/Desktop/Msc Data Science/Final Project/DSM500 Final Project/Data/Sen1Floods11_raw/v1.1/data/flood_events/HandLabeled/S1Hand/Sri-Lanka_63307_S1Hand.tif,/Users/archiewilliamhulse/Desktop/Msc Data Science/Final Project/DSM500 Final Project/Data/Sen1Floods11_raw/v1.1/data/flood_events/HandLabeled/LabelHand/Sri-Lanka_63307_LabelHand.tif,validation,Sri-Lanka,512,512,262144,7005,2.6721954345703125
Sri-Lanka_612594,Sri-Lanka_612594_S1Hand.tif,Sri-Lanka_612594_LabelHand.tif,/Users/archiewilliamhulse/Desktop/Msc Data Science/Final Project/DSM500 Final Project/Data/Sen1Floods11_raw/v1.1/data/flood_events/HandLabeled/S1Hand/Sri-Lanka_612594_S1Hand.tif,/Users/archiewilliamhulse/Desktop/Msc Data Science/Final Project/DSM500 Final Project/Data/Sen1Floods11_raw/v1.1/data/flood_events/HandLabeled/LabelHand/Sri-Lanka_612594_LabelHand.tif,validation,Sri-Lanka,512,512,262144,43125,16.450881958007812
Sri-Lanka_132922,Sri-Lanka_132922_S1Hand.tif,Sri-Lanka_132922_LabelHand.tif,/Users/archiewilliamhulse/Desktop/Msc Data Science/Final Project/DSM500 Final Project/Data/Sen1Floods11_raw/v1.1/data/flood_events/HandLabeled/S1Hand/Sri-Lanka_132922_S1Hand.tif,/Users/archiewilliamhulse/Desktop/Msc Data Science/Final Project/DSM500 Final Project/Data/Sen1Floods11_raw/v1.1/data/flood_events/HandLabeled/LabelHand/Sri-Lanka_132922_LabelHand.tif,validation,Sri-Lanka,512,512,262144,17843,6.8065643310546875
Sri-Lanka_236030,Sri-Lanka_236030_S1Hand.tif,Sri-Lanka_236030_LabelHand.tif,/Users/archiewilliamhulse/Desktop/Msc Data Science/Final Project/DSM500 Final Project/Data/Sen1Floods11_raw/v1.1/data/flood_events/HandLabeled/S1Hand/Sri-Lanka_236030_S1Hand.tif,/Users/archiewilliamhulse/Desktop/Msc Data Science/Final Project/DSM500 Final Project/Data/Sen1Floods11_raw/v1.1/data/flood_events/HandLabeled/LabelHand/Sri-Lanka_236030_LabelHand.tif,validation,Sri-Lanka,512,512,206088,1713,0.8311983230464657
Sri-Lanka_31559,Sri-Lanka_31559_S1Hand.tif,Sri-Lanka_31559_LabelHand.tif,/Users/archiewilliamhulse/Desktop/Msc Data Science/Final Project/DSM500 Final Project/Data/Sen1Floods11_raw/v1.1/data/flood_events/HandLabeled/S1Hand/Sri-Lanka_31559_S1Hand.tif,/Users/archiewilliamhulse/Desktop/Msc Data Science/Final Project/DSM500 Final Project/Data/Sen1Floods11_raw/v1.1/data/flood_events/HandLabeled/LabelHand/Sri-Lanka_31559_LabelHand.tif,validation,Sri-Lanka,512,512,218795,464,0.21207065974999428
Sri-Lanka_236628,Sri-Lanka_236628_S1Hand.tif,Sri-Lanka_236628_LabelHand.tif,/Users/archiewilliamhulse/Desktop/Msc Data Science/Final Project/DSM500 Final Project/Data/Sen1Floods11_raw/v1.1/data/flood_events/HandLabeled/S1Hand/Sri-Lanka_236628_S1Hand.tif,/Users/archiewilliamhulse/Desktop/Msc Data Science/Final Project/DSM500 Final Project/Data/Sen1Floods11_raw/v1.1/data/flood_events/HandLabeled/LabelHand/Sri-Lanka_236628_LabelHand.tif,validation,Sri-Lanka,512,512,262142,3081,1.1753171944976386
Sri-Lanka_101973,Sri-Lanka_101973_S1Hand.tif,Sri-Lanka_101973_LabelHand.tif,/Users/archiewilliamhulse/Desktop/Msc Data Science/Final Project/DSM500 Final Project/Data/Sen1Floods11_raw/v1.1/data/flood_events/HandLabeled/S1Hand/Sri-Lanka_101973_S1Hand.tif,/Users/archiewilliamhulse/Desktop/Msc Data Science/Final Project/DSM500 Final Project/Data/Sen1Floods11_raw/v1.1/data/flood_events/HandLabeled/LabelHand/Sri-Lanka_101973_LabelHand.tif,validation,Sri-Lanka,512,512,262143,2958,1.1283917556448197
Sri-Lanka_321316,Sri-Lanka_321316_S1Hand.tif,Sri-Lanka_321316_LabelHand.tif,/Users/archiewilliamhulse/Desktop/Msc Data Science/Final Project/DSM500 Final Project/Data/Sen1Floods11_raw/v1.1/data/flood_events/HandLabeled/S1Hand/Sri-Lanka_321316_S1Hand.tif,/Users/archiewilliamhulse/Desktop/Msc Data Science/Final Project/DSM500 Final Project/Data/Sen1Floods11_raw/v1.1/data/flood_events/HandLabeled/LabelHand/Sri-Lanka_321316_LabelHand.tif,validation,Sri-Lanka,512,512,262133,96905,36.967875086311146
USA_826217,USA_826217_S1Hand.tif,USA_826217_LabelHand.tif,/Users/archiewilliamhulse/Desktop/Msc Data Science/Final Project/DSM500 Final Project/Data/Sen1Floods11_raw/v1.1/data/flood_events/HandLabeled/S1Hand/USA_826217_S1Hand.tif,/Users/archiewilliamhulse/Desktop/Msc Data Science/Final Project/DSM500 Final Project/Data/Sen1Floods11_raw/v1.1/data/flood_events/HandLabeled/LabelHand/USA_826217_LabelHand.tif,validation,USA,512,512,262126,4498,1.7159686562950642
USA_741073,USA_741073_S1Hand.tif,USA_741073_LabelHand.tif,/Users/archiewilliamhulse/Desktop/Msc Data Science/Final Project/DSM500 Final Project/Data/Sen1Floods11_raw/v1.1/data/flood_events/HandLabeled/S1Hand/USA_741073_S1Hand.tif,/Users/archiewilliamhulse/Desktop/Msc Data Science/Final Project/DSM500 Final Project/Data/Sen1Floods11_raw/v1.1/data/flood_events/HandLabeled/LabelHand/USA_741073_LabelHand.tif,validation,USA,512,512,262115,3375,1.2876027697766248
USA_275372,USA_275372_S1Hand.tif,USA_275372_LabelHand.tif,/Users/archiewilliamhulse/Desktop/Msc Data Science/Final Project/DSM500 Final Project/Data/Sen1Floods11_raw/v1.1/data/flood_events/HandLabeled/S1Hand/USA_275372_S1Hand.tif,/Users/archiewilliamhulse/Desktop/Msc Data Science/Final Project/DSM500 Final Project/Data/Sen1Floods11_raw/v1.1/data/flood_events/HandLabeled/LabelHand/USA_275372_LabelHand.tif,validation,USA,512,512,262138,2722,1.0383843624350533
USA_19225,USA_19225_S1Hand.tif,USA_19225_LabelHand.tif,/Users/archiewilliamhulse/Desktop/Msc Data Science/Final Project/DSM500 Final Project/Data/Sen1Floods11_raw/v1.1/data/flood_events/HandLabeled/S1Hand/USA_19225_S1Hand.tif,/Users/archiewilliamhulse/Desktop/Msc Data Science/Final Project/DSM500 Final Project/Data/Sen1Floods11_raw/v1.1/data/flood_events/HandLabeled/LabelHand/USA_19225_LabelHand.tif,validation,USA,512,512,262122,1391,0.5306689251569879
USA_366607,USA_366607_S1Hand.tif,USA_366607_LabelHand.tif,/Users/archiewilliamhulse/Desktop/Msc Data Science/Final Project/DSM500 Final Project/Data/Sen1Floods11_raw/v1.1/data/flood_events/HandLabeled/S1Hand/USA_366607_S1Hand.tif,/Users/archiewilliamhulse/Desktop/Msc Data Science/Final Project/DSM500 Final Project/Data/Sen1Floods11_raw/v1.1/data/flood_events/HandLabeled/LabelHand/USA_366607_LabelHand.tif,validation,USA,512,512,262139,49325,18.816353156149983
USA_308150,USA_308150_S1Hand.tif,USA_308150_LabelHand.tif,/Users/archiewilliamhulse/Desktop/Msc Data Science/Final Project/DSM500 Final Project/Data/Sen1Floods11_raw/v1.1/data/flood_events/HandLabeled/S1Hand/USA_308150_S1Hand.tif,/Users/archiewilliamhulse/Desktop/Msc Data Science/Final Project/DSM500 Final Project/Data/Sen1Floods11_raw/v1.1/data/flood_events/HandLabeled/LabelHand/USA_308150_LabelHand.tif,validation,USA,512,512,262027,2907,1.1094276544020274
USA_1039203,USA_1039203_S1Hand.tif,USA_1039203_LabelHand.tif,/Users/archiewilliamhulse/Desktop/Msc Data Science/Final Project/DSM500 Final Project/Data/Sen1Floods11_raw/v1.1/data/flood_events/HandLabeled/S1Hand/USA_1039203_S1Hand.tif,/Users/archiewilliamhulse/Desktop/Msc Data Science/Final Project/DSM500 Final Project/Data/Sen1Floods11_raw/v1.1/data/flood_events/HandLabeled/LabelHand/USA_1039203_LabelHand.tif,validation,USA,512,512,262112,1611,0.6146227566841655
USA_251323,USA_251323_S1Hand.tif,USA_251323_LabelHand.tif,/Users/archiewilliamhulse/Desktop/Msc Data Science/Final Project/DSM500 Final Project/Data/Sen1Floods11_raw/v1.1/data/flood_events/HandLabeled/S1Hand/USA_251323_S1Hand.tif,/Users/archiewilliamhulse/Desktop/Msc Data Science/Final Project/DSM500 Final Project/Data/Sen1Floods11_raw/v1.1/data/flood_events/HandLabeled/LabelHand/USA_251323_LabelHand.tif,validation,USA,512,512,261038,695,0.2662447612991212
USA_1082482,USA_1082482_S1Hand.tif,USA_1082482_LabelHand.tif,/Users/archiewilliamhulse/Desktop/Msc Data Science/Final Project/DSM500 Final Project/Data/Sen1Floods11_raw/v1.1/data/flood_events/HandLabeled/S1Hand/USA_1082482_S1Hand.tif,/Users/archiewilliamhulse/Desktop/Msc Data Science/Final Project/DSM500 Final Project/Data/Sen1Floods11_raw/v1.1/data/flood_events/HandLabeled/LabelHand/USA_1082482_LabelHand.tif,validation,USA,512,512,262130,2206,0.8415671613321635
USA_225017,USA_225017_S1Hand.tif,USA_225017_LabelHand.tif,/Users/archiewilliamhulse/Desktop/Msc Data Science/Final Project/DSM500 Final Project/Data/Sen1Floods11_raw/v1.1/data/flood_events/HandLabeled/S1Hand/USA_225017_S1Hand.tif,/Users/archiewilliamhulse/Desktop/Msc Data Science/Final Project/DSM500 Final Project/Data/Sen1Floods11_raw/v1.1/data/flood_events/HandLabeled/LabelHand/USA_225017_LabelHand.tif,validation,USA,512,512,262138,16780,6.401208523754663
USA_986268,USA_986268_S1Hand.tif,USA_986268_LabelHand.tif,/Users/archiewilliamhulse/Desktop/Msc Data Science/Final Project/DSM500 Final Project/Data/Sen1Floods11_raw/v1.1/data/flood_events/HandLabeled/S1Hand/USA_986268_S1Hand.tif,/Users/archiewilliamhulse/Desktop/Msc Data Science/Final Project/DSM500 Final Project/Data/Sen1Floods11_raw/v1.1/data/flood_events/HandLabeled/LabelHand/USA_986268_LabelHand.tif,validation,USA,512,512,262123,9092,3.4686006187934675
USA_646878,USA_646878_S1Hand.tif,USA_646878_LabelHand.tif,/Users/archiewilliamhulse/Desktop/Msc Data Science/Final Project/DSM500 Final Project/Data/Sen1Floods11_raw/v1.1/data/flood_events/HandLabeled/S1Hand/USA_646878_S1Hand.tif,/Users/archiewilliamhulse/Desktop/Msc Data Science/Final Project/DSM500 Final Project/Data/Sen1Floods11_raw/v1.1/data/flood_events/HandLabeled/LabelHand/USA_646878_LabelHand.tif,validation,USA,512,512,252974,2424,0.9582012380718967
USA_761032,USA_761032_S1Hand.tif,USA_761032_LabelHand.tif,/Users/archiewilliamhulse/Desktop/Msc Data Science/Final Project/DSM500 Final Project/Data/Sen1Floods11_raw/v1.1/data/flood_events/HandLabeled/S1Hand/USA_761032_S1Hand.tif,/Users/archiewilliamhulse/Desktop/Msc Data Science/Final Project/DSM500 Final Project/Data/Sen1Floods11_raw/v1.1/data/flood_events/HandLabeled/LabelHand/USA_761032_LabelHand.tif,validation,USA,512,512,262125,12117,4.622603719599428
USA_741178,USA_741178_S1Hand.tif,USA_741178_LabelHand.tif,/Users/archiewilliamhulse/Desktop/Msc Data Science/Final Project/DSM500 Final Project/Data/Sen1Floods11_raw/v1.1/data/flood_events/HandLabeled/S1Hand/USA_741178_S1Hand.tif,/Users/archiewilliamhulse/Desktop/Msc Data Science/Final Project/DSM500 Final Project/Data/Sen1Floods11_raw/v1.1/data/flood_events/HandLabeled/LabelHand/USA_741178_LabelHand.tif,validation,USA,512,512,262117,1446,0.5516620440490315
Ghana_313799,Ghana_313799_S1Hand.tif,Ghana_313799_LabelHand.tif,/Users/archiewilliamhulse/Desktop/Msc Data Science/Final Project/DSM500 Final Project/Data/Sen1Floods11_raw/v1.1/data/flood_events/HandLabeled/S1Hand/Ghana_313799_S1Hand.tif,/Users/archiewilliamhulse/Desktop/Msc Data Science/Final Project/DSM500 Final Project/Data/Sen1Floods11_raw/v1.1/data/flood_events/HandLabeled/LabelHand/Ghana_313799_LabelHand.tif,test,Ghana,512,512,244464,14933,6.108465868185091
Ghana_1078550,Ghana_1078550_S1Hand.tif,Ghana_1078550_LabelHand.tif,/Users/archiewilliamhulse/Desktop/Msc Data Science/Final Project/DSM500 Final Project/Data/Sen1Floods11_raw/v1.1/data/flood_events/HandLabeled/S1Hand/Ghana_1078550_S1Hand.tif,/Users/archiewilliamhulse/Desktop/Msc Data Science/Final Project/DSM500 Final Project/Data/Sen1Floods11_raw/v1.1/data/flood_events/HandLabeled/LabelHand/Ghana_1078550_LabelHand.tif,test,Ghana,512,512,262144,1407,0.5367279052734375
Ghana_97059,Ghana_97059_S1Hand.tif,Ghana_97059_LabelHand.tif,/Users/archiewilliamhulse/Desktop/Msc Data Science/Final Project/DSM500 Final Project/Data/Sen1Floods11_raw/v1.1/data/flood_events/HandLabeled/S1Hand/Ghana_97059_S1Hand.tif,/Users/archiewilliamhulse/Desktop/Msc Data Science/Final Project/DSM500 Final Project/Data/Sen1Floods11_raw/v1.1/data/flood_events/HandLabeled/LabelHand/Ghana_97059_LabelHand.tif,test,Ghana,512,512,27394,0,0.0
Ghana_359826,Ghana_359826_S1Hand.tif,Ghana_359826_LabelHand.tif,/Users/archiewilliamhulse/Desktop/Msc Data Science/Final Project/DSM500 Final Project/Data/Sen1Floods11_raw/v1.1/data/flood_events/HandLabeled/S1Hand/Ghana_359826_S1Hand.tif,/Users/archiewilliamhulse/Desktop/Msc Data Science/Final Project/DSM500 Final Project/Data/Sen1Floods11_raw/v1.1/data/flood_events/HandLabeled/LabelHand/Ghana_359826_LabelHand.tif,test,Ghana,512,512,262144,3496,1.3336181640625
Ghana_319168,Ghana_319168_S1Hand.tif,Ghana_319168_LabelHand.tif,/Users/archiewilliamhulse/Desktop/Msc Data Science/Final Project/DSM500 Final Project/Data/Sen1Floods11_raw/v1.1/data/flood_events/HandLabeled/S1Hand/Ghana_319168_S1Hand.tif,/Users/archiewilliamhulse/Desktop/Msc Data Science/Final Project/DSM500 Final Project/Data/Sen1Floods11_raw/v1.1/data/flood_events/HandLabeled/LabelHand/Ghana_319168_LabelHand.tif,test,Ghana,512,512,171624,39521,23.027665128420267
Ghana_866994,Ghana_866994_S1Hand.tif,Ghana_866994_LabelHand.tif,/Users/archiewilliamhulse/Desktop/Msc Data Science/Final Project/DSM500 Final Project/Data/Sen1Floods11_raw/v1.1/data/flood_events/HandLabeled/S1Hand/Ghana_866994_S1Hand.tif,/Users/archiewilliamhulse/Desktop/Msc Data Science/Final Project/DSM500 Final Project/Data/Sen1Floods11_raw/v1.1/data/flood_events/HandLabeled/LabelHand/Ghana_866994_LabelHand.tif,test,Ghana,512,512,117511,105971,90.1796427568483
Ghana_406026,Ghana_406026_S1Hand.tif,Ghana_406026_LabelHand.tif,/Users/archiewilliamhulse/Desktop/Msc Data Science/Final Project/DSM500 Final Project/Data/Sen1Floods11_raw/v1.1/data/flood_events/HandLabeled/S1Hand/Ghana_406026_S1Hand.tif,/Users/archiewilliamhulse/Desktop/Msc Data Science/Final Project/DSM500 Final Project/Data/Sen1Floods11_raw/v1.1/data/flood_events/HandLabeled/LabelHand/Ghana_406026_LabelHand.tif,test,Ghana,512,512,262144,4305,1.6422271728515625
Ghana_53713,Ghana_53713_S1Hand.tif,Ghana_53713_LabelHand.tif,/Users/archiewilliamhulse/Desktop/Msc Data Science/Final Project/DSM500 Final Project/Data/Sen1Floods11_raw/v1.1/data/flood_events/HandLabeled/S1Hand/Ghana_53713_S1Hand.tif,/Users/archiewilliamhulse/Desktop/Msc Data Science/Final Project/DSM500 Final Project/Data/Sen1Floods11_raw/v1.1/data/flood_events/HandLabeled/LabelHand/Ghana_53713_LabelHand.tif,test,Ghana,512,512,262144,0,0.0
Ghana_167233,Ghana_167233_S1Hand.tif,Ghana_167233_LabelHand.tif,/Users/archiewilliamhulse/Desktop/Msc Data Science/Final Project/DSM500 Final Project/Data/Sen1Floods11_raw/v1.1/data/flood_events/HandLabeled/S1Hand/Ghana_167233_S1Hand.tif,/Users/archiewilliamhulse/Desktop/Msc Data Science/Final Project/DSM500 Final Project/Data/Sen1Floods11_raw/v1.1/data/flood_events/HandLabeled/LabelHand/Ghana_167233_LabelHand.tif,test,Ghana,512,512,262144,0,0.0
Ghana_141271,Ghana_141271_S1Hand.tif,Ghana_141271_LabelHand.tif,/Users/archiewilliamhulse/Desktop/Msc Data Science/Final Project/DSM500 Final Project/Data/Sen1Floods11_raw/v1.1/data/flood_events/HandLabeled/S1Hand/Ghana_141271_S1Hand.tif,/Users/archiewilliamhulse/Desktop/Msc Data Science/Final Project/DSM500 Final Project/Data/Sen1Floods11_raw/v1.1/data/flood_events/HandLabeled/LabelHand/Ghana_141271_LabelHand.tif,test,Ghana,512,512,262144,1636,0.62408447265625
India_900498,India_900498_S1Hand.tif,India_900498_LabelHand.tif,/Users/archiewilliamhulse/Desktop/Msc Data Science/Final Project/DSM500 Final Project/Data/Sen1Floods11_raw/v1.1/data/flood_events/HandLabeled/S1Hand/India_900498_S1Hand.tif,/Users/archiewilliamhulse/Desktop/Msc Data Science/Final Project/DSM500 Final Project/Data/Sen1Floods11_raw/v1.1/data/flood_events/HandLabeled/LabelHand/India_900498_LabelHand.tif,test,India,512,512,261992,123953,47.311749977098536
India_591317,India_591317_S1Hand.tif,India_591317_LabelHand.tif,/Users/archiewilliamhulse/Desktop/Msc Data Science/Final Project/DSM500 Final Project/Data/Sen1Floods11_raw/v1.1/data/flood_events/HandLabeled/S1Hand/India_591317_S1Hand.tif,/Users/archiewilliamhulse/Desktop/Msc Data Science/Final Project/DSM500 Final Project/Data/Sen1Floods11_raw/v1.1/data/flood_events/HandLabeled/LabelHand/India_591317_LabelHand.tif,test,India,512,512,246049,114039,46.34808513751326
India_747992,India_747992_S1Hand.tif,India_747992_LabelHand.tif,/Users/archiewilliamhulse/Desktop/Msc Data Science/Final Project/DSM500 Final Project/Data/Sen1Floods11_raw/v1.1/data/flood_events/HandLabeled/S1Hand/India_747992_S1Hand.tif,/Users/archiewilliamhulse/Desktop/Msc Data Science/Final Project/DSM500 Final Project/Data/Sen1Floods11_raw/v1.1/data/flood_events/HandLabeled/LabelHand/India_747992_LabelHand.tif,test,India,512,512,262087,117322,44.764524757046324
India_79637,India_79637_S1Hand.tif,India_79637_LabelHand.tif,/Users/archiewilliamhulse/Desktop/Msc Data Science/Final Project/DSM500 Final Project/Data/Sen1Floods11_raw/v1.1/data/flood_events/HandLabeled/S1Hand/India_79637_S1Hand.tif,/Users/archiewilliamhulse/Desktop/Msc Data Science/Final Project/DSM500 Final Project/Data/Sen1Floods11_raw/v1.1/data/flood_events/HandLabeled/LabelHand/India_79637_LabelHand.tif,test,India,512,512,262144,5165,1.9702911376953125
India_952728,India_952728_S1Hand.tif,India_952728_LabelHand.tif,/Users/archiewilliamhulse/Desktop/Msc Data Science/Final Project/DSM500 Final Project/Data/Sen1Floods11_raw/v1.1/data/flood_events/HandLabeled/S1Hand/India_952728_S1Hand.tif,/Users/archiewilliamhulse/Desktop/Msc Data Science/Final Project/DSM500 Final Project/Data/Sen1Floods11_raw/v1.1/data/flood_events/HandLabeled/LabelHand/India_952728_LabelHand.tif,test,India,512,512,188716,5848,3.0988363466796667
India_828067,India_828067_S1Hand.tif,India_828067_LabelHand.tif,/Users/archiewilliamhulse/Desktop/Msc Data Science/Final Project/DSM500 Final Project/Data/Sen1Floods11_raw/v1.1/data/flood_events/HandLabeled/S1Hand/India_828067_S1Hand.tif,/Users/archiewilliamhulse/Desktop/Msc Data Science/Final Project/DSM500 Final Project/Data/Sen1Floods11_raw/v1.1/data/flood_events/HandLabeled/LabelHand/India_828067_LabelHand.tif,test,India,512,512,183120,6994,3.8193534294451728
India_570384,India_570384_S1Hand.tif,India_570384_LabelHand.tif,/Users/archiewilliamhulse/Desktop/Msc Data Science/Final Project/DSM500 Final Project/Data/Sen1Floods11_raw/v1.1/data/flood_events/HandLabeled/S1Hand/India_570384_S1Hand.tif,/Users/archiewilliamhulse/Desktop/Msc Data Science/Final Project/DSM500 Final Project/Data/Sen1Floods11_raw/v1.1/data/flood_events/HandLabeled/LabelHand/India_570384_LabelHand.tif,test,India,512,512,242000,14548,6.011570247933885
India_44475,India_44475_S1Hand.tif,India_44475_LabelHand.tif,/Users/archiewilliamhulse/Desktop/Msc Data Science/Final Project/DSM500 Final Project/Data/Sen1Floods11_raw/v1.1/data/flood_events/HandLabeled/S1Hand/India_44475_S1Hand.tif,/Users/archiewilliamhulse/Desktop/Msc Data Science/Final Project/DSM500 Final Project/Data/Sen1Floods11_raw/v1.1/data/flood_events/HandLabeled/LabelHand/India_44475_LabelHand.tif,test,India,512,512,260175,0,0.0
India_80221,India_80221_S1Hand.tif,India_80221_LabelHand.tif,/Users/archiewilliamhulse/Desktop/Msc Data Science/Final Project/DSM500 Final Project/Data/Sen1Floods11_raw/v1.1/data/flood_events/HandLabeled/S1Hand/India_80221_S1Hand.tif,/Users/archiewilliamhulse/Desktop/Msc Data Science/Final Project/DSM500 Final Project/Data/Sen1Floods11_raw/v1.1/data/flood_events/HandLabeled/LabelHand/India_80221_LabelHand.tif,test,India,512,512,151793,114506,75.43562614876839
India_1018327,India_1018327_S1Hand.tif,India_1018327_LabelHand.tif,/Users/archiewilliamhulse/Desktop/Msc Data Science/Final Project/DSM500 Final Project/Data/Sen1Floods11_raw/v1.1/data/flood_events/HandLabeled/S1Hand/India_1018327_S1Hand.tif,/Users/archiewilliamhulse/Desktop/Msc Data Science/Final Project/DSM500 Final Project/Data/Sen1Floods11_raw/v1.1/data/flood_events/HandLabeled/LabelHand/India_1018327_LabelHand.tif,test,India,512,512,262142,36649,13.98059067223108
India_592446,India_592446_S1Hand.tif,India_592446_LabelHand.tif,/Users/archiewilliamhulse/Desktop/Msc Data Science/Final Project/DSM500 Final Project/Data/Sen1Floods11_raw/v1.1/data/flood_events/HandLabeled/S1Hand/India_592446_S1Hand.tif,/Users/archiewilliamhulse/Desktop/Msc Data Science/Final Project/DSM500 Final Project/Data/Sen1Floods11_raw/v1.1/data/flood_events/HandLabeled/LabelHand/India_592446_LabelHand.tif,test,India,512,512,224355,9044,4.031111408259232
India_772630,India_772630_S1Hand.tif,India_772630_LabelHand.tif,/Users/archiewilliamhulse/Desktop/Msc Data Science/Final Project/DSM500 Final Project/Data/Sen1Floods11_raw/v1.1/data/flood_events/HandLabeled/S1Hand/India_772630_S1Hand.tif,/Users/archiewilliamhulse/Desktop/Msc Data Science/Final Project/DSM500 Final Project/Data/Sen1Floods11_raw/v1.1/data/flood_events/HandLabeled/LabelHand/India_772630_LabelHand.tif,test,India,512,512,155332,1345,0.8658872608348569
India_631692,India_631692_S1Hand.tif,India_631692_LabelHand.tif,/Users/archiewilliamhulse/Desktop/Msc Data Science/Final Project/DSM500 Final Project/Data/Sen1Floods11_raw/v1.1/data/flood_events/HandLabeled/S1Hand/India_631692_S1Hand.tif,/Users/archiewilliamhulse/Desktop/Msc Data Science/Final Project/DSM500 Final Project/Data/Sen1Floods11_raw/v1.1/data/flood_events/HandLabeled/LabelHand/India_631692_LabelHand.tif,test,India,512,512,262144,802,0.305938720703125
India_399883,India_399883_S1Hand.tif,India_399883_LabelHand.tif,/Users/archiewilliamhulse/Desktop/Msc Data Science/Final Project/DSM500 Final Project/Data/Sen1Floods11_raw/v1.1/data/flood_events/HandLabeled/S1Hand/India_399883_S1Hand.tif,/Users/archiewilliamhulse/Desktop/Msc Data Science/Final Project/DSM500 Final Project/Data/Sen1Floods11_raw/v1.1/data/flood_events/HandLabeled/LabelHand/India_399883_LabelHand.tif,test,India,512,512,262119,136292,51.99623071963497
Mekong_333434,Mekong_333434_S1Hand.tif,Mekong_333434_LabelHand.tif,/Users/archiewilliamhulse/Desktop/Msc Data Science/Final Project/DSM500 Final Project/Data/Sen1Floods11_raw/v1.1/data/flood_events/HandLabeled/S1Hand/Mekong_333434_S1Hand.tif,/Users/archiewilliamhulse/Desktop/Msc Data Science/Final Project/DSM500 Final Project/Data/Sen1Floods11_raw/v1.1/data/flood_events/HandLabeled/LabelHand/Mekong_333434_LabelHand.tif,test,Mekong,512,512,203133,3284,1.6166747894236781
Mekong_45934,Mekong_45934_S1Hand.tif,Mekong_45934_LabelHand.tif,/Users/archiewilliamhulse/Desktop/Msc Data Science/Final Project/DSM500 Final Project/Data/Sen1Floods11_raw/v1.1/data/flood_events/HandLabeled/S1Hand/Mekong_45934_S1Hand.tif,/Users/archiewilliamhulse/Desktop/Msc Data Science/Final Project/DSM500 Final Project/Data/Sen1Floods11_raw/v1.1/data/flood_events/HandLabeled/LabelHand/Mekong_45934_LabelHand.tif,test,Mekong,512,512,261859,296,0.11303793262786462
Mekong_1443339,Mekong_1443339_S1Hand.tif,Mekong_1443339_LabelHand.tif,/Users/archiewilliamhulse/Desktop/Msc Data Science/Final Project/DSM500 Final Project/Data/Sen1Floods11_raw/v1.1/data/flood_events/HandLabeled/S1Hand/Mekong_1443339_S1Hand.tif,/Users/archiewilliamhulse/Desktop/Msc Data Science/Final Project/DSM500 Final Project/Data/Sen1Floods11_raw/v1.1/data/flood_events/HandLabeled/LabelHand/Mekong_1443339_LabelHand.tif,test,Mekong,512,512,262135,192783,73.54340320827055
Mekong_382276,Mekong_382276_S1Hand.tif,Mekong_382276_LabelHand.tif,/Users/archiewilliamhulse/Desktop/Msc Data Science/Final Project/DSM500 Final Project/Data/Sen1Floods11_raw/v1.1/data/flood_events/HandLabeled/S1Hand/Mekong_382276_S1Hand.tif,/Users/archiewilliamhulse/Desktop/Msc Data Science/Final Project/DSM500 Final Project/Data/Sen1Floods11_raw/v1.1/data/flood_events/HandLabeled/LabelHand/Mekong_382276_LabelHand.tif,test,Mekong,512,512,262111,9808,3.7419261305324842
Mekong_254910,Mekong_254910_S1Hand.tif,Mekong_254910_LabelHand.tif,/Users/archiewilliamhulse/Desktop/Msc Data Science/Final Project/DSM500 Final Project/Data/Sen1Floods11_raw/v1.1/data/flood_events/HandLabeled/S1Hand/Mekong_254910_S1Hand.tif,/Users/archiewilliamhulse/Desktop/Msc Data Science/Final Project/DSM500 Final Project/Data/Sen1Floods11_raw/v1.1/data/flood_events/HandLabeled/LabelHand/Mekong_254910_LabelHand.tif,test,Mekong,512,512,205495,135,0.06569502907613324
Mekong_424793,Mekong_424793_S1Hand.tif,Mekong_424793_LabelHand.tif,/Users/archiewilliamhulse/Desktop/Msc Data Science/Final Project/DSM500 Final Project/Data/Sen1Floods11_raw/v1.1/data/flood_events/HandLabeled/S1Hand/Mekong_424793_S1Hand.tif,/Users/archiewilliamhulse/Desktop/Msc Data Science/Final Project/DSM500 Final Project/Data/Sen1Floods11_raw/v1.1/data/flood_events/HandLabeled/LabelHand/Mekong_424793_LabelHand.tif,test,Mekong,512,512,258487,4003,1.5486272036891604
Nigeria_417184,Nigeria_417184_S1Hand.tif,Nigeria_417184_LabelHand.tif,/Users/archiewilliamhulse/Desktop/Msc Data Science/Final Project/DSM500 Final Project/Data/Sen1Floods11_raw/v1.1/data/flood_events/HandLabeled/S1Hand/Nigeria_417184_S1Hand.tif,/Users/archiewilliamhulse/Desktop/Msc Data Science/Final Project/DSM500 Final Project/Data/Sen1Floods11_raw/v1.1/data/flood_events/HandLabeled/LabelHand/Nigeria_417184_LabelHand.tif,test,Nigeria,512,512,59069,1384,2.343022566828624
Nigeria_225131,Nigeria_225131_S1Hand.tif,Nigeria_225131_LabelHand.tif,/Users/archiewilliamhulse/Desktop/Msc Data Science/Final Project/DSM500 Final Project/Data/Sen1Floods11_raw/v1.1/data/flood_events/HandLabeled/S1Hand/Nigeria_225131_S1Hand.tif,/Users/archiewilliamhulse/Desktop/Msc Data Science/Final Project/DSM500 Final Project/Data/Sen1Floods11_raw/v1.1/data/flood_events/HandLabeled/LabelHand/Nigeria_225131_LabelHand.tif,test,Nigeria,512,512,241255,1131,0.4687985741228161
Nigeria_812045,Nigeria_812045_S1Hand.tif,Nigeria_812045_LabelHand.tif,/Users/archiewilliamhulse/Desktop/Msc Data Science/Final Project/DSM500 Final Project/Data/Sen1Floods11_raw/v1.1/data/flood_events/HandLabeled/S1Hand/Nigeria_812045_S1Hand.tif,/Users/archiewilliamhulse/Desktop/Msc Data Science/Final Project/DSM500 Final Project/Data/Sen1Floods11_raw/v1.1/data/flood_events/HandLabeled/LabelHand/Nigeria_812045_LabelHand.tif,test,Nigeria,512,512,237134,120118,50.65406057334671
Nigeria_22088,Nigeria_22088_S1Hand.tif,Nigeria_22088_LabelHand.tif,/Users/archiewilliamhulse/Desktop/Msc Data Science/Final Project/DSM500 Final Project/Data/Sen1Floods11_raw/v1.1/data/flood_events/HandLabeled/S1Hand/Nigeria_22088_S1Hand.tif,/Users/archiewilliamhulse/Desktop/Msc Data Science/Final Project/DSM500 Final Project/Data/Sen1Floods11_raw/v1.1/data/flood_events/HandLabeled/LabelHand/Nigeria_22088_LabelHand.tif,test,Nigeria,512,512,222646,629,0.2825112510442586
Pakistan_849790,Pakistan_849790_S1Hand.tif,Pakistan_849790_LabelHand.tif,/Users/archiewilliamhulse/Desktop/Msc Data Science/Final Project/DSM500 Final Project/Data/Sen1Floods11_raw/v1.1/data/flood_events/HandLabeled/S1Hand/Pakistan_849790_S1Hand.tif,/Users/archiewilliamhulse/Desktop/Msc Data Science/Final Project/DSM500 Final Project/Data/Sen1Floods11_raw/v1.1/data/flood_events/HandLabeled/LabelHand/Pakistan_849790_LabelHand.tif,test,Pakistan,512,512,257239,171908,66.82812481777647
Pakistan_664885,Pakistan_664885_S1Hand.tif,Pakistan_664885_LabelHand.tif,/Users/archiewilliamhulse/Desktop/Msc Data Science/Final Project/DSM500 Final Project/Data/Sen1Floods11_raw/v1.1/data/flood_events/HandLabeled/S1Hand/Pakistan_664885_S1Hand.tif,/Users/archiewilliamhulse/Desktop/Msc Data Science/Final Project/DSM500 Final Project/Data/Sen1Floods11_raw/v1.1/data/flood_events/HandLabeled/LabelHand/Pakistan_664885_LabelHand.tif,test,Pakistan,512,512,73010,2383,3.263936447062046
Pakistan_694942,Pakistan_694942_S1Hand.tif,Pakistan_694942_LabelHand.tif,/Users/archiewilliamhulse/Desktop/Msc Data Science/Final Project/DSM500 Final Project/Data/Sen1Floods11_raw/v1.1/data/flood_events/HandLabeled/S1Hand/Pakistan_694942_S1Hand.tif,/Users/archiewilliamhulse/Desktop/Msc Data Science/Final Project/DSM500 Final Project/Data/Sen1Floods11_raw/v1.1/data/flood_events/HandLabeled/LabelHand/Pakistan_694942_LabelHand.tif,test,Pakistan,512,512,191444,18481,9.653475690019013
Pakistan_70625,Pakistan_70625_S1Hand.tif,Pakistan_70625_LabelHand.tif,/Users/archiewilliamhulse/Desktop/Msc Data Science/Final Project/DSM500 Final Project/Data/Sen1Floods11_raw/v1.1/data/flood_events/HandLabeled/S1Hand/Pakistan_70625_S1Hand.tif,/Users/archiewilliamhulse/Desktop/Msc Data Science/Final Project/DSM500 Final Project/Data/Sen1Floods11_raw/v1.1/data/flood_events/HandLabeled/LabelHand/Pakistan_70625_LabelHand.tif,test,Pakistan,512,512,262144,4667,1.7803192138671875
Pakistan_528249,Pakistan_528249_S1Hand.tif,Pakistan_528249_LabelHand.tif,/Users/archiewilliamhulse/Desktop/Msc Data Science/Final Project/DSM500 Final Project/Data/Sen1Floods11_raw/v1.1/data/flood_events/HandLabeled/S1Hand/Pakistan_528249_S1Hand.tif,/Users/archiewilliamhulse/Desktop/Msc Data Science/Final Project/DSM500 Final Project/Data/Sen1Floods11_raw/v1.1/data/flood_events/HandLabeled/LabelHand/Pakistan_528249_LabelHand.tif,test,Pakistan,512,512,76982,0,0.0
Pakistan_167553,Pakistan_167553_S1Hand.tif,Pakistan_167553_LabelHand.tif,/Users/archiewilliamhulse/Desktop/Msc Data Science/Final Project/DSM500 Final Project/Data/Sen1Floods11_raw/v1.1/data/flood_events/HandLabeled/S1Hand/Pakistan_167553_S1Hand.tif,/Users/archiewilliamhulse/Desktop/Msc Data Science/Final Project/DSM500 Final Project/Data/Sen1Floods11_raw/v1.1/data/flood_events/HandLabeled/LabelHand/Pakistan_167553_LabelHand.tif,test,Pakistan,512,512,247105,1458,0.5900325772444912
Paraguay_913449,Paraguay_913449_S1Hand.tif,Paraguay_913449_LabelHand.tif,/Users/archiewilliamhulse/Desktop/Msc Data Science/Final Project/DSM500 Final Project/Data/Sen1Floods11_raw/v1.1/data/flood_events/HandLabeled/S1Hand/Paraguay_913449_S1Hand.tif,/Users/archiewilliamhulse/Desktop/Msc Data Science/Final Project/DSM500 Final Project/Data/Sen1Floods11_raw/v1.1/data/flood_events/HandLabeled/LabelHand/Paraguay_913449_LabelHand.tif,test,Paraguay,512,512,262144,5517,2.1045684814453125
Paraguay_280900,Paraguay_280900_S1Hand.tif,Paraguay_280900_LabelHand.tif,/Users/archiewilliamhulse/Desktop/Msc Data Science/Final Project/DSM500 Final Project/Data/Sen1Floods11_raw/v1.1/data/flood_events/HandLabeled/S1Hand/Paraguay_280900_S1Hand.tif,/Users/archiewilliamhulse/Desktop/Msc Data Science/Final Project/DSM500 Final Project/Data/Sen1Floods11_raw/v1.1/data/flood_events/HandLabeled/LabelHand/Paraguay_280900_LabelHand.tif,test,Paraguay,512,512,262142,6585,2.5119973144326355
Paraguay_790830,Paraguay_790830_S1Hand.tif,Paraguay_790830_LabelHand.tif,/Users/archiewilliamhulse/Desktop/Msc Data Science/Final Project/DSM500 Final Project/Data/Sen1Floods11_raw/v1.1/data/flood_events/HandLabeled/S1Hand/Paraguay_790830_S1Hand.tif,/Users/archiewilliamhulse/Desktop/Msc Data Science/Final Project/DSM500 Final Project/Data/Sen1Floods11_raw/v1.1/data/flood_events/HandLabeled/LabelHand/Paraguay_790830_LabelHand.tif,test,Paraguay,512,512,261199,31947,12.230904406219013
Paraguay_232281,Paraguay_232281_S1Hand.tif,Paraguay_232281_LabelHand.tif,/Users/archiewilliamhulse/Desktop/Msc Data Science/Final Project/DSM500 Final Project/Data/Sen1Floods11_raw/v1.1/data/flood_events/HandLabeled/S1Hand/Paraguay_232281_S1Hand.tif,/Users/archiewilliamhulse/Desktop/Msc Data Science/Final Project/DSM500 Final Project/Data/Sen1Floods11_raw/v1.1/data/flood_events/HandLabeled/LabelHand/Paraguay_232281_LabelHand.tif,test,Paraguay,512,512,262144,29477,11.244583129882812
Paraguay_271769,Paraguay_271769_S1Hand.tif,Paraguay_271769_LabelHand.tif,/Users/archiewilliamhulse/Desktop/Msc Data Science/Final Project/DSM500 Final Project/Data/Sen1Floods11_raw/v1.1/data/flood_events/HandLabeled/S1Hand/Paraguay_271769_S1Hand.tif,/Users/archiewilliamhulse/Desktop/Msc Data Science/Final Project/DSM500 Final Project/Data/Sen1Floods11_raw/v1.1/data/flood_events/HandLabeled/LabelHand/Paraguay_271769_LabelHand.tif,test,Paraguay,512,512,262144,2613,0.9967803955078125
Paraguay_40936,Paraguay_40936_S1Hand.tif,Paraguay_40936_LabelHand.tif,/Users/archiewilliamhulse/Desktop/Msc Data Science/Final Project/DSM500 Final Project/Data/Sen1Floods11_raw/v1.1/data/flood_events/HandLabeled/S1Hand/Paraguay_40936_S1Hand.tif,/Users/archiewilliamhulse/Desktop/Msc Data Science/Final Project/DSM500 Final Project/Data/Sen1Floods11_raw/v1.1/data/flood_events/HandLabeled/LabelHand/Paraguay_40936_LabelHand.tif,test,Paraguay,512,512,215331,0,0.0
Paraguay_1029191,Paraguay_1029191_S1Hand.tif,Paraguay_1029191_LabelHand.tif,/Users/archiewilliamhulse/Desktop/Msc Data Science/Final Project/DSM500 Final Project/Data/Sen1Floods11_raw/v1.1/data/flood_events/HandLabeled/S1Hand/Paraguay_1029191_S1Hand.tif,/Users/archiewilliamhulse/Desktop/Msc Data Science/Final Project/DSM500 Final Project/Data/Sen1Floods11_raw/v1.1/data/flood_events/HandLabeled/LabelHand/Paraguay_1029191_LabelHand.tif,test,Paraguay,512,512,253937,50336,19.822239374333
Paraguay_59731,Paraguay_59731_S1Hand.tif,Paraguay_59731_LabelHand.tif,/Users/archiewilliamhulse/Desktop/Msc Data Science/Final Project/DSM500 Final Project/Data/Sen1Floods11_raw/v1.1/data/flood_events/HandLabeled/S1Hand/Paraguay_59731_S1Hand.tif,/Users/archiewilliamhulse/Desktop/Msc Data Science/Final Project/DSM500 Final Project/Data/Sen1Floods11_raw/v1.1/data/flood_events/HandLabeled/LabelHand/Paraguay_59731_LabelHand.tif,test,Paraguay,512,512,255656,2770,1.0834871859060613
Paraguay_683296,Paraguay_683296_S1Hand.tif,Paraguay_683296_LabelHand.tif,/Users/archiewilliamhulse/Desktop/Msc Data Science/Final Project/DSM500 Final Project/Data/Sen1Floods11_raw/v1.1/data/flood_events/HandLabeled/S1Hand/Paraguay_683296_S1Hand.tif,/Users/archiewilliamhulse/Desktop/Msc Data Science/Final Project/DSM500 Final Project/Data/Sen1Floods11_raw/v1.1/data/flood_events/HandLabeled/LabelHand/Paraguay_683296_LabelHand.tif,test,Paraguay,512,512,259578,7409,2.854248048756058
Paraguay_34417,Paraguay_34417_S1Hand.tif,Paraguay_34417_LabelHand.tif,/Users/archiewilliamhulse/Desktop/Msc Data Science/Final Project/DSM500 Final Project/Data/Sen1Floods11_raw/v1.1/data/flood_events/HandLabeled/S1Hand/Paraguay_34417_S1Hand.tif,/Users/archiewilliamhulse/Desktop/Msc Data Science/Final Project/DSM500 Final Project/Data/Sen1Floods11_raw/v1.1/data/flood_events/HandLabeled/LabelHand/Paraguay_34417_LabelHand.tif,test,Paraguay,512,512,50026,50026,100.0
Paraguay_868895,Paraguay_868895_S1Hand.tif,Paraguay_868895_LabelHand.tif,/Users/archiewilliamhulse/Desktop/Msc Data Science/Final Project/DSM500 Final Project/Data/Sen1Floods11_raw/v1.1/data/flood_events/HandLabeled/S1Hand/Paraguay_868895_S1Hand.tif,/Users/archiewilliamhulse/Desktop/Msc Data Science/Final Project/DSM500 Final Project/Data/Sen1Floods11_raw/v1.1/data/flood_events/HandLabeled/LabelHand/Paraguay_868895_LabelHand.tif,test,Paraguay,512,512,175465,15787,8.997235915994644
Paraguay_511199,Paraguay_511199_S1Hand.tif,Paraguay_511199_LabelHand.tif,/Users/archiewilliamhulse/Desktop/Msc Data Science/Final Project/DSM500 Final Project/Data/Sen1Floods11_raw/v1.1/data/flood_events/HandLabeled/S1Hand/Paraguay_511199_S1Hand.tif,/Users/archiewilliamhulse/Desktop/Msc Data Science/Final Project/DSM500 Final Project/Data/Sen1Floods11_raw/v1.1/data/flood_events/HandLabeled/LabelHand/Paraguay_511199_LabelHand.tif,test,Paraguay,512,512,262144,11544,4.4036865234375
Paraguay_80102,Paraguay_80102_S1Hand.tif,Paraguay_80102_LabelHand.tif,/Users/archiewilliamhulse/Desktop/Msc Data Science/Final Project/DSM500 Final Project/Data/Sen1Floods11_raw/v1.1/data/flood_events/HandLabeled/S1Hand/Paraguay_80102_S1Hand.tif,/Users/archiewilliamhulse/Desktop/Msc Data Science/Final Project/DSM500 Final Project/Data/Sen1Floods11_raw/v1.1/data/flood_events/HandLabeled/LabelHand/Paraguay_80102_LabelHand.tif,test,Paraguay,512,512,262143,22,0.008392365998710627
Paraguay_651904,Paraguay_651904_S1Hand.tif,Paraguay_651904_LabelHand.tif,/Users/archiewilliamhulse/Desktop/Msc Data Science/Final Project/DSM500 Final Project/Data/Sen1Floods11_raw/v1.1/data/flood_events/HandLabeled/S1Hand/Paraguay_651904_S1Hand.tif,/Users/archiewilliamhulse/Desktop/Msc Data Science/Final Project/DSM500 Final Project/Data/Sen1Floods11_raw/v1.1/data/flood_events/HandLabeled/LabelHand/Paraguay_651904_LabelHand.tif,test,Paraguay,512,512,262144,27156,10.35919189453125
Somalia_699062,Somalia_699062_S1Hand.tif,Somalia_699062_LabelHand.tif,/Users/archiewilliamhulse/Desktop/Msc Data Science/Final Project/DSM500 Final Project/Data/Sen1Floods11_raw/v1.1/data/flood_events/HandLabeled/S1Hand/Somalia_699062_S1Hand.tif,/Users/archiewilliamhulse/Desktop/Msc Data Science/Final Project/DSM500 Final Project/Data/Sen1Floods11_raw/v1.1/data/flood_events/HandLabeled/LabelHand/Somalia_699062_LabelHand.tif,test,Somalia,512,512,203209,3290,1.6190227795028762
Somalia_60129,Somalia_60129_S1Hand.tif,Somalia_60129_LabelHand.tif,/Users/archiewilliamhulse/Desktop/Msc Data Science/Final Project/DSM500 Final Project/Data/Sen1Floods11_raw/v1.1/data/flood_events/HandLabeled/S1Hand/Somalia_60129_S1Hand.tif,/Users/archiewilliamhulse/Desktop/Msc Data Science/Final Project/DSM500 Final Project/Data/Sen1Floods11_raw/v1.1/data/flood_events/HandLabeled/LabelHand/Somalia_60129_LabelHand.tif,test,Somalia,512,512,222316,677,0.30452149193040534
Somalia_685158,Somalia_685158_S1Hand.tif,Somalia_685158_LabelHand.tif,/Users/archiewilliamhulse/Desktop/Msc Data Science/Final Project/DSM500 Final Project/Data/Sen1Floods11_raw/v1.1/data/flood_events/HandLabeled/S1Hand/Somalia_685158_S1Hand.tif,/Users/archiewilliamhulse/Desktop/Msc Data Science/Final Project/DSM500 Final Project/Data/Sen1Floods11_raw/v1.1/data/flood_events/HandLabeled/LabelHand/Somalia_685158_LabelHand.tif,test,Somalia,512,512,184172,25254,13.712182090654387
Somalia_166342,Somalia_166342_S1Hand.tif,Somalia_166342_LabelHand.tif,/Users/archiewilliamhulse/Desktop/Msc Data Science/Final Project/DSM500 Final Project/Data/Sen1Floods11_raw/v1.1/data/flood_events/HandLabeled/S1Hand/Somalia_166342_S1Hand.tif,/Users/archiewilliamhulse/Desktop/Msc Data Science/Final Project/DSM500 Final Project/Data/Sen1Floods11_raw/v1.1/data/flood_events/HandLabeled/LabelHand/Somalia_166342_LabelHand.tif,test,Somalia,512,512,220577,12,0.005440277091446524
Somalia_94102,Somalia_94102_S1Hand.tif,Somalia_94102_LabelHand.tif,/Users/archiewilliamhulse/Desktop/Msc Data Science/Final Project/DSM500 Final Project/Data/Sen1Floods11_raw/v1.1/data/flood_events/HandLabeled/S1Hand/Somalia_94102_S1Hand.tif,/Users/archiewilliamhulse/Desktop/Msc Data Science/Final Project/DSM500 Final Project/Data/Sen1Floods11_raw/v1.1/data/flood_events/HandLabeled/LabelHand/Somalia_94102_LabelHand.tif,test,Somalia,512,512,241360,12694,5.259363606231355
Somalia_322855,Somalia_322855_S1Hand.tif,Somalia_322855_LabelHand.tif,/Users/archiewilliamhulse/Desktop/Msc Data Science/Final Project/DSM500 Final Project/Data/Sen1Floods11_raw/v1.1/data/flood_events/HandLabeled/S1Hand/Somalia_322855_S1Hand.tif,/Users/archiewilliamhulse/Desktop/Msc Data Science/Final Project/DSM500 Final Project/Data/Sen1Floods11_raw/v1.1/data/flood_events/HandLabeled/LabelHand/Somalia_322855_LabelHand.tif,test,Somalia,512,512,255044,44737,17.540894904408653
Spain_6860600,Spain_6860600_S1Hand.tif,Spain_6860600_LabelHand.tif,/Users/archiewilliamhulse/Desktop/Msc Data Science/Final Project/DSM500 Final Project/Data/Sen1Floods11_raw/v1.1/data/flood_events/HandLabeled/S1Hand/Spain_6860600_S1Hand.tif,/Users/archiewilliamhulse/Desktop/Msc Data Science/Final Project/DSM500 Final Project/Data/Sen1Floods11_raw/v1.1/data/flood_events/HandLabeled/LabelHand/Spain_6860600_LabelHand.tif,test,Spain,512,512,261969,246,0.09390424057808366
Spain_7558720,Spain_7558720_S1Hand.tif,Spain_7558720_LabelHand.tif,/Users/archiewilliamhulse/Desktop/Msc Data Science/Final Project/DSM500 Final Project/Data/Sen1Floods11_raw/v1.1/data/flood_events/HandLabeled/S1Hand/Spain_7558720_S1Hand.tif,/Users/archiewilliamhulse/Desktop/Msc Data Science/Final Project/DSM500 Final Project/Data/Sen1Floods11_raw/v1.1/data/flood_events/HandLabeled/LabelHand/Spain_7558720_LabelHand.tif,test,Spain,512,512,261984,2137,0.8156986686209846
Spain_5650136,Spain_5650136_S1Hand.tif,Spain_5650136_LabelHand.tif,/Users/archiewilliamhulse/Desktop/Msc Data Science/Final Project/DSM500 Final Project/Data/Sen1Floods11_raw/v1.1/data/flood_events/HandLabeled/S1Hand/Spain_5650136_S1Hand.tif,/Users/archiewilliamhulse/Desktop/Msc Data Science/Final Project/DSM500 Final Project/Data/Sen1Floods11_raw/v1.1/data/flood_events/HandLabeled/LabelHand/Spain_5650136_LabelHand.tif,test,Spain,512,512,171596,104207,60.72810555024593
Spain_7370579,Spain_7370579_S1Hand.tif,Spain_7370579_LabelHand.tif,/Users/archiewilliamhulse/Desktop/Msc Data Science/Final Project/DSM500 Final Project/Data/Sen1Floods11_raw/v1.1/data/flood_events/HandLabeled/S1Hand/Spain_7370579_S1Hand.tif,/Users/archiewilliamhulse/Desktop/Msc Data Science/Final Project/DSM500 Final Project/Data/Sen1Floods11_raw/v1.1/data/flood_events/HandLabeled/LabelHand/Spain_7370579_LabelHand.tif,test,Spain,512,512,262045,70035,26.726325631093893
Spain_6095801,Spain_6095801_S1Hand.tif,Spain_6095801_LabelHand.tif,/Users/archiewilliamhulse/Desktop/Msc Data Science/Final Project/DSM500 Final Project/Data/Sen1Floods11_raw/v1.1/data/flood_events/HandLabeled/S1Hand/Spain_6095801_S1Hand.tif,/Users/archiewilliamhulse/Desktop/Msc Data Science/Final Project/DSM500 Final Project/Data/Sen1Floods11_raw/v1.1/data/flood_events/HandLabeled/LabelHand/Spain_6095801_LabelHand.tif,test,Spain,512,512,262062,22736,8.675809541253598
Spain_7387658,Spain_7387658_S1Hand.tif,Spain_7387658_LabelHand.tif,/Users/archiewilliamhulse/Desktop/Msc Data Science/Final Project/DSM500 Final Project/Data/Sen1Floods11_raw/v1.1/data/flood_events/HandLabeled/S1Hand/Spain_7387658_S1Hand.tif,/Users/archiewilliamhulse/Desktop/Msc Data Science/Final Project/DSM500 Final Project/Data/Sen1Floods11_raw/v1.1/data/flood_events/HandLabeled/LabelHand/Spain_7387658_LabelHand.tif,test,Spain,512,512,262057,153006,58.38653422728643
Sri-Lanka_117737,Sri-Lanka_117737_S1Hand.tif,Sri-Lanka_117737_LabelHand.tif,/Users/archiewilliamhulse/Desktop/Msc Data Science/Final Project/DSM500 Final Project/Data/Sen1Floods11_raw/v1.1/data/flood_events/HandLabeled/S1Hand/Sri-Lanka_117737_S1Hand.tif,/Users/archiewilliamhulse/Desktop/Msc Data Science/Final Project/DSM500 Final Project/Data/Sen1Floods11_raw/v1.1/data/flood_events/HandLabeled/LabelHand/Sri-Lanka_117737_LabelHand.tif,test,Sri-Lanka,512,512,262144,6731,2.5676727294921875
Sri-Lanka_1049830,Sri-Lanka_1049830_S1Hand.tif,Sri-Lanka_1049830_LabelHand.tif,/Users/archiewilliamhulse/Desktop/Msc Data Science/Final Project/DSM500 Final Project/Data/Sen1Floods11_raw/v1.1/data/flood_events/HandLabeled/S1Hand/Sri-Lanka_1049830_S1Hand.tif,/Users/archiewilliamhulse/Desktop/Msc Data Science/Final Project/DSM500 Final Project/Data/Sen1Floods11_raw/v1.1/data/flood_events/HandLabeled/LabelHand/Sri-Lanka_1049830_LabelHand.tif,test,Sri-Lanka,512,512,190233,2577,1.354654555203356
Sri-Lanka_534068,Sri-Lanka_534068_S1Hand.tif,Sri-Lanka_534068_LabelHand.tif,/Users/archiewilliamhulse/Desktop/Msc Data Science/Final Project/DSM500 Final Project/Data/Sen1Floods11_raw/v1.1/data/flood_events/HandLabeled/S1Hand/Sri-Lanka_534068_S1Hand.tif,/Users/archiewilliamhulse/Desktop/Msc Data Science/Final Project/DSM500 Final Project/Data/Sen1Floods11_raw/v1.1/data/flood_events/HandLabeled/LabelHand/Sri-Lanka_534068_LabelHand.tif,test,Sri-Lanka,512,512,262144,257268,98.13995361328125
Sri-Lanka_922192,Sri-Lanka_922192_S1Hand.tif,Sri-Lanka_922192_LabelHand.tif,/Users/archiewilliamhulse/Desktop/Msc Data Science/Final Project/DSM500 Final Project/Data/Sen1Floods11_raw/v1.1/data/flood_events/HandLabeled/S1Hand/Sri-Lanka_922192_S1Hand.tif,/Users/archiewilliamhulse/Desktop/Msc Data Science/Final Project/DSM500 Final Project/Data/Sen1Floods11_raw/v1.1/data/flood_events/HandLabeled/LabelHand/Sri-Lanka_922192_LabelHand.tif,test,Sri-Lanka,512,512,239783,1030,0.429555056029827
Sri-Lanka_377277,Sri-Lanka_377277_S1Hand.tif,Sri-Lanka_377277_LabelHand.tif,/Users/archiewilliamhulse/Desktop/Msc Data Science/Final Project/DSM500 Final Project/Data/Sen1Floods11_raw/v1.1/data/flood_events/HandLabeled/S1Hand/Sri-Lanka_377277_S1Hand.tif,/Users/archiewilliamhulse/Desktop/Msc Data Science/Final Project/DSM500 Final Project/Data/Sen1Floods11_raw/v1.1/data/flood_events/HandLabeled/LabelHand/Sri-Lanka_377277_LabelHand.tif,test,Sri-Lanka,512,512,259388,8603,3.3166530448594385
Sri-Lanka_649970,Sri-Lanka_649970_S1Hand.tif,Sri-Lanka_649970_LabelHand.tif,/Users/archiewilliamhulse/Desktop/Msc Data Science/Final Project/DSM500 Final Project/Data/Sen1Floods11_raw/v1.1/data/flood_events/HandLabeled/S1Hand/Sri-Lanka_649970_S1Hand.tif,/Users/archiewilliamhulse/Desktop/Msc Data Science/Final Project/DSM500 Final Project/Data/Sen1Floods11_raw/v1.1/data/flood_events/HandLabeled/LabelHand/Sri-Lanka_649970_LabelHand.tif,test,Sri-Lanka,512,512,260855,17343,6.648521209100841
Sri-Lanka_450918,Sri-Lanka_450918_S1Hand.tif,Sri-Lanka_450918_LabelHand.tif,/Users/archiewilliamhulse/Desktop/Msc Data Science/Final Project/DSM500 Final Project/Data/Sen1Floods11_raw/v1.1/data/flood_events/HandLabeled/S1Hand/Sri-Lanka_450918_S1Hand.tif,/Users/archiewilliamhulse/Desktop/Msc Data Science/Final Project/DSM500 Final Project/Data/Sen1Floods11_raw/v1.1/data/flood_events/HandLabeled/LabelHand/Sri-Lanka_450918_LabelHand.tif,test,Sri-Lanka,512,512,99126,4277,4.3147105703851665
Sri-Lanka_849649,Sri-Lanka_849649_S1Hand.tif,Sri-Lanka_849649_LabelHand.tif,/Users/archiewilliamhulse/Desktop/Msc Data Science/Final Project/DSM500 Final Project/Data/Sen1Floods11_raw/v1.1/data/flood_events/HandLabeled/S1Hand/Sri-Lanka_849649_S1Hand.tif,/Users/archiewilliamhulse/Desktop/Msc Data Science/Final Project/DSM500 Final Project/Data/Sen1Floods11_raw/v1.1/data/flood_events/HandLabeled/LabelHand/Sri-Lanka_849649_LabelHand.tif,test,Sri-Lanka,512,512,218207,1892,0.8670665927307556
Sri-Lanka_713926,Sri-Lanka_713926_S1Hand.tif,Sri-Lanka_713926_LabelHand.tif,/Users/archiewilliamhulse/Desktop/Msc Data Science/Final Project/DSM500 Final Project/Data/Sen1Floods11_raw/v1.1/data/flood_events/HandLabeled/S1Hand/Sri-Lanka_713926_S1Hand.tif,/Users/archiewilliamhulse/Desktop/Msc Data Science/Final Project/DSM500 Final Project/Data/Sen1Floods11_raw/v1.1/data/flood_events/HandLabeled/LabelHand/Sri-Lanka_713926_LabelHand.tif,test,Sri-Lanka,512,512,262104,80506,30.71528858773617
USA_905409,USA_905409_S1Hand.tif,USA_905409_LabelHand.tif,/Users/archiewilliamhulse/Desktop/Msc Data Science/Final Project/DSM500 Final Project/Data/Sen1Floods11_raw/v1.1/data/flood_events/HandLabeled/S1Hand/USA_905409_S1Hand.tif,/Users/archiewilliamhulse/Desktop/Msc Data Science/Final Project/DSM500 Final Project/Data/Sen1Floods11_raw/v1.1/data/flood_events/HandLabeled/LabelHand/USA_905409_LabelHand.tif,test,USA,512,512,262099,44467,16.965726691059483
USA_430764,USA_430764_S1Hand.tif,USA_430764_LabelHand.tif,/Users/archiewilliamhulse/Desktop/Msc Data Science/Final Project/DSM500 Final Project/Data/Sen1Floods11_raw/v1.1/data/flood_events/HandLabeled/S1Hand/USA_430764_S1Hand.tif,/Users/archiewilliamhulse/Desktop/Msc Data Science/Final Project/DSM500 Final Project/Data/Sen1Floods11_raw/v1.1/data/flood_events/HandLabeled/LabelHand/USA_430764_LabelHand.tif,test,USA,512,512,262137,15439,5.889668379511477
USA_350244,USA_350244_S1Hand.tif,USA_350244_LabelHand.tif,/Users/archiewilliamhulse/Desktop/Msc Data Science/Final Project/DSM500 Final Project/Data/Sen1Floods11_raw/v1.1/data/flood_events/HandLabeled/S1Hand/USA_350244_S1Hand.tif,/Users/archiewilliamhulse/Desktop/Msc Data Science/Final Project/DSM500 Final Project/Data/Sen1Floods11_raw/v1.1/data/flood_events/HandLabeled/LabelHand/USA_350244_LabelHand.tif,test,USA,512,512,262120,1285,0.49023348084846635
USA_527077,USA_527077_S1Hand.tif,USA_527077_LabelHand.tif,/Users/archiewilliamhulse/Desktop/Msc Data Science/Final Project/DSM500 Final Project/Data/Sen1Floods11_raw/v1.1/data/flood_events/HandLabeled/S1Hand/USA_527077_S1Hand.tif,/Users/archiewilliamhulse/Desktop/Msc Data Science/Final Project/DSM500 Final Project/Data/Sen1Floods11_raw/v1.1/data/flood_events/HandLabeled/LabelHand/USA_527077_LabelHand.tif,test,USA,512,512,262127,1646,0.6279398917318704
USA_933610,USA_933610_S1Hand.tif,USA_933610_LabelHand.tif,/Users/archiewilliamhulse/Desktop/Msc Data Science/Final Project/DSM500 Final Project/Data/Sen1Floods11_raw/v1.1/data/flood_events/HandLabeled/S1Hand/USA_933610_S1Hand.tif,/Users/archiewilliamhulse/Desktop/Msc Data Science/Final Project/DSM500 Final Project/Data/Sen1Floods11_raw/v1.1/data/flood_events/HandLabeled/LabelHand/USA_933610_LabelHand.tif,test,USA,512,512,262027,3823,1.459009949356364
USA_66511,USA_66511_S1Hand.tif,USA_66511_LabelHand.tif,/Users/archiewilliamhulse/Desktop/Msc Data Science/Final Project/DSM500 Final Project/Data/Sen1Floods11_raw/v1.1/data/flood_events/HandLabeled/S1Hand/USA_66511_S1Hand.tif,/Users/archiewilliamhulse/Desktop/Msc Data Science/Final Project/DSM500 Final Project/Data/Sen1Floods11_raw/v1.1/data/flood_events/HandLabeled/LabelHand/USA_66511_LabelHand.tif,test,USA,512,512,262136,2727,1.0402996917630543
USA_519181,USA_519181_S1Hand.tif,USA_519181_LabelHand.tif,/Users/archiewilliamhulse/Desktop/Msc Data Science/Final Project/DSM500 Final Project/Data/Sen1Floods11_raw/v1.1/data/flood_events/HandLabeled/S1Hand/USA_519181_S1Hand.tif,/Users/archiewilliamhulse/Desktop/Msc Data Science/Final Project/DSM500 Final Project/Data/Sen1Floods11_raw/v1.1/data/flood_events/HandLabeled/LabelHand/USA_519181_LabelHand.tif,test,USA,512,512,262127,2152,0.8209760917417893
USA_778194,USA_778194_S1Hand.tif,USA_778194_LabelHand.tif,/Users/archiewilliamhulse/Desktop/Msc Data Science/Final Project/DSM500 Final Project/Data/Sen1Floods11_raw/v1.1/data/flood_events/HandLabeled/S1Hand/USA_778194_S1Hand.tif,/Users/archiewilliamhulse/Desktop/Msc Data Science/Final Project/DSM500 Final Project/Data/Sen1Floods11_raw/v1.1/data/flood_events/HandLabeled/LabelHand/USA_778194_LabelHand.tif,test,USA,512,512,262070,3838,1.4644942191017667
USA_67102,USA_67102_S1Hand.tif,USA_67102_LabelHand.tif,/Users/archiewilliamhulse/Desktop/Msc Data Science/Final Project/DSM500 Final Project/Data/Sen1Floods11_raw/v1.1/data/flood_events/HandLabeled/S1Hand/USA_67102_S1Hand.tif,/Users/archiewilliamhulse/Desktop/Msc Data Science/Final Project/DSM500 Final Project/Data/Sen1Floods11_raw/v1.1/data/flood_events/HandLabeled/LabelHand/USA_67102_LabelHand.tif,test,USA,512,512,262091,9491,3.6212613176339516
USA_1049586,USA_1049586_S1Hand.tif,USA_1049586_LabelHand.tif,/Users/archiewilliamhulse/Desktop/Msc Data Science/Final Project/DSM500 Final Project/Data/Sen1Floods11_raw/v1.1/data/flood_events/HandLabeled/S1Hand/USA_1049586_S1Hand.tif,/Users/archiewilliamhulse/Desktop/Msc Data Science/Final Project/DSM500 Final Project/Data/Sen1Floods11_raw/v1.1/data/flood_events/HandLabeled/LabelHand/USA_1049586_LabelHand.tif,test,USA,512,512,262061,2122,0.8097351380022209
USA_595451,USA_595451_S1Hand.tif,USA_595451_LabelHand.tif,/Users/archiewilliamhulse/Desktop/Msc Data Science/Final Project/DSM500 Final Project/Data/Sen1Floods11_raw/v1.1/data/flood_events/HandLabeled/S1Hand/USA_595451_S1Hand.tif,/Users/archiewilliamhulse/Desktop/Msc Data Science/Final Project/DSM500 Final Project/Data/Sen1Floods11_raw/v1.1/data/flood_events/HandLabeled/LabelHand/USA_595451_LabelHand.tif,test,USA,512,512,262136,20531,7.832193975646229
USA_670826,USA_670826_S1Hand.tif,USA_670826_LabelHand.tif,/Users/archiewilliamhulse/Desktop/Msc Data Science/Final Project/DSM500 Final Project/Data/Sen1Floods11_raw/v1.1/data/flood_events/HandLabeled/S1Hand/USA_670826_S1Hand.tif,/Users/archiewilliamhulse/Desktop/Msc Data Science/Final Project/DSM500 Final Project/Data/Sen1Floods11_raw/v1.1/data/flood_events/HandLabeled/LabelHand/USA_670826_LabelHand.tif,test,USA,512,512,262132,3010,1.1482764408771153
USA_504150,USA_504150_S1Hand.tif,USA_504150_LabelHand.tif,/Users/archiewilliamhulse/Desktop/Msc Data Science/Final Project/DSM500 Final Project/Data/Sen1Floods11_raw/v1.1/data/flood_events/HandLabeled/S1Hand/USA_504150_S1Hand.tif,/Users/archiewilliamhulse/Desktop/Msc Data Science/Final Project/DSM500 Final Project/Data/Sen1Floods11_raw/v1.1/data/flood_events/HandLabeled/LabelHand/USA_504150_LabelHand.tif,test,USA,512,512,262126,3262,1.2444396969396396
USA_758178,USA_758178_S1Hand.tif,USA_758178_LabelHand.tif,/Users/archiewilliamhulse/Desktop/Msc Data Science/Final Project/DSM500 Final Project/Data/Sen1Floods11_raw/v1.1/data/flood_events/HandLabeled/S1Hand/USA_758178_S1Hand.tif,/Users/archiewilliamhulse/Desktop/Msc Data Science/Final Project/DSM500 Final Project/Data/Sen1Floods11_raw/v1.1/data/flood_events/HandLabeled/LabelHand/USA_758178_LabelHand.tif,test,USA,512,512,262133,1617,0.6168624324293392
